psgc_id,name,correspondence_code,geographic_level,old_names,city_class,income_classification,settlement_type,population,,barangay_status
1300000000,National Capital Region (NCR),130000000,Reg,,,,,"  13,484,462 ",,
1380100000,City of Caloocan,137501000,City,,HUC,1st,,"  1,661,584 ",,
1380200000,City of Las Piñas,137601000,City,,HUC,1st,,"  606,293 ",,
1380300000,City of Makati,137602000,City,,HUC,1st,,"  629,616 ",17/,
1380400000,City of Malabon,137502000,City,,HUC,1st,,"  380,522 ",,
1380500000,City of Mandaluyong,137401000,City,,HUC,1st,,"  425,758 ",,
1380600000,City of Manila,133900000,City,,HUC,1st,,"  1,846,513 ",,
1380601000,Tondo I/II,133901000,SubMun,,,,,"  654,220 ",,
1380602000,Binondo,133902000,SubMun,,,,,"  20,491 ",,
1380603000,Quiapo,133903000,SubMun,,,,,"  29,846 ",,
1380604000,San Nicolas,133904000,SubMun,,,,,"  42,957 ",,
1380605000,Santa Cruz,133905000,SubMun,,,,,"  126,735 ",,
1380606000,Sampaloc,133906000,SubMun,,,,,"  388,305 ",,
1380607000,San Miguel,133907000,SubMun,,,,,"  18,599 ",,
1380608000,Ermita,133908000,SubMun,,,,,"  19,189 ",,
1380609000,Intramuros,133909000,SubMun,,,,,"  6,103 ",,
1380610000,Malate,133910000,SubMun,,,,,"  99,257 ",,
1380611000,Paco,133911000,SubMun,,,,,"  79,839 ",,
1380612000,Pandacan,133912000,SubMun,,,,,"  84,769 ",,
1380613000,Port Area,133913000,SubMun,,,,,"  72,605 ",,
1380614000,Santa Ana,133914000,SubMun,,,,,"  203,598 ",,
1380700000,City of Marikina,137402000,City,,HUC,1st,,"  456,059 ",,
1380800000,City of Muntinlupa,137603000,City,,HUC,1st,,"  543,445 ",,
1380900000,City of Navotas,137503000,City,,HUC,1st,,"  247,543 ",,
1381000000,City of Parañaque,137604000,City,,HUC,1st,,"  689,992 ",,
1381100000,Pasay City,137605000,City,,HUC,1st,,"  440,656 ",,
1381200000,City of Pasig,137403000,City,,HUC,1st,,"  803,159 ",,
1381300000,Quezon City,137404000,City,,HUC,1st,,"  2,960,048 ",,
1381400000,City of San Juan,137405000,City,,HUC,1st,,"  126,347 ",,
1381500000,City of Taguig,137607000,City,,HUC,1st,,"  886,722 ",18/,
1381600000,City of Valenzuela,137504000,City,,HUC,1st,,"  714,978 ",,
1381701000,Pateros,137606000,Mun,,,1st,,"  65,227 ",,
1400000000,Cordillera Administrative Region (CAR),140000000,Reg,,,,,"  1,797,660 ",,
1400100000,Abra,140100000,Prov,,,1st,,"  250,985 ",,
1400101000,Bangued ,140101000,Mun,,,1st,,"  50,382 ",,Capital
1400102000,Boliney,140102000,Mun,,,3rd,,"  4,551 ",,
1400103000,Bucay,140103000,Mun,,,3rd,,"  17,953 ",,
1400104000,Bucloc,140104000,Mun,,,4th,,"  2,395 ",,
1400105000,Daguioman,140105000,Mun,,,4th,,"  2,019 ",,
1400106000,Danglas,140106000,Mun,,,3rd,,"  4,074 ",,
1400107000,Dolores,140107000,Mun,,,3rd,,"  11,512 ",,
1400108000,La Paz,140108000,Mun,,,4th,,"  16,493 ",,
1400109000,Lacub,140109000,Mun,,,2nd,,"  3,612 ",,
1400110000,Lagangilang,140110000,Mun,,,3rd,,"  14,914 ",,
1400111000,Lagayan,140111000,Mun,,,4th,,"  4,488 ",,
1400112000,Langiden,140112000,Mun,,,4th,,"  3,576 ",,
1400113000,Licuan-Baay,140113000,Mun,Licuan,,3rd,,"  4,566 ",,
1400114000,Luba,140114000,Mun,,,1st,,"  6,518 ",,
1400115000,Malibcong,140115000,Mun,,,3rd,,"  4,027 ",,
1400116000,Manabo,140116000,Mun,,,3rd,,"  11,611 ",,
1400117000,Peñarrubia,140117000,Mun,,,4th,,"  6,951 ",,
1400118000,Pidigan,140118000,Mun,,,3rd,,"  12,475 ",,
1400119000,Pilar,140119000,Mun,,,1st,,"  10,146 ",,
1400120000,Sallapadan,140120000,Mun,,,4th,,"  6,389 ",,
1400121000,San Isidro,140121000,Mun,,,2nd,,"  4,745 ",,
1400122000,San Juan,140122000,Mun,,,4th,,"  10,688 ",,
1400123000,San Quintin,140123000,Mun,,,3rd,,"  5,705 ",,
1400124000,Tayum,140124000,Mun,,,1st,,"  14,869 ",,
1400125000,Tineg,140125000,Mun,,,1st,,"  4,977 ",,
1400126000,Tubo,140126000,Mun,,,2nd,,"  5,674 ",,
1400127000,Villaviciosa,140127000,Mun,,,1st,,"  5,675 ",,
1401100000,Benguet,141100000,Prov,,,1st,,"  460,683 ",(excluding BAGUIO CITY) ,
1401101000,Atok,141101000,Mun,,,3rd,,"  19,218 ",,
1401103000,Bakun,141103000,Mun,,,3rd,,"  14,535 ",,
1401104000,Bokod,141104000,Mun,,,2nd,,"  14,435 ",,
1401105000,Buguias,141105000,Mun,,,1st,,"  44,877 ",,
1401106000,Itogon,141106000,Mun,,,1st,,"  61,498 ",,
1401107000,Kabayan,141107000,Mun,,,3rd,,"  15,806 ",,
1401108000,Kapangan,141108000,Mun,,,3rd,,"  19,297 ",,
1401109000,Kibungan,141109000,Mun,,,3rd,,"  17,051 ",,
1401110000,La Trinidad ,141110000,Mun,,,1st,,"  137,404 ",,Capital
1401111000,Mankayan,141111000,Mun,,,2nd*,,"  37,233 ",,
1401112000,Sablan,141112000,Mun,,,4th,,"  11,588 ",,
1401113000,Tuba,141113000,Mun,,,1st,,"  48,312 ",,
1401114000,Tublay,141114000,Mun,,,4th,,"  19,429 ",,
1402700000,Ifugao,142700000,Prov,,,2nd,,"  207,498 ",,
1402701000,Banaue,142701000,Mun,,,3rd,,"  20,652 ",,
1402702000,Hungduan,142702000,Mun,,,3rd,,"  8,866 ",,
1402703000,Kiangan,142703000,Mun,,,3rd,,"  17,691 ",,
1402704000,Lagawe ,142704000,Mun,,,3rd,,"  18,876 ",,Capital
1402705000,Lamut,142705000,Mun,,,2nd,,"  26,235 ",,
1402706000,Mayoyao,142706000,Mun,,,3rd,,"  15,621 ",,
1402707000,Alfonso Lista,142707000,Mun,Potia,,1st,,"  34,061 ",,
1402708000,Aguinaldo,142708000,Mun,,,1st,,"  21,128 ",,
1402709000,Hingyon,142709000,Mun,,,5th,,"  9,930 ",,
1402710000,Tinoc,142710000,Mun,,,3rd,,"  18,475 ",,
1402711000,Asipulo,142711000,Mun,,,4th,,"  15,963 ",,
1403200000,Kalinga,143200000,Prov,,,2nd,,"  229,570 ",,
1403201000,Balbalan,143201000,Mun,,,1st,,"  12,914 ",,
1403206000,Lubuagan,143206000,Mun,,,4th,,"  9,323 ",,
1403208000,Pasil,143208000,Mun,,,4th,,"  10,577 ",,
1403209000,Pinukpuk,143209000,Mun,,,1st,,"  34,275 ",,
1403211000,Rizal,143211000,Mun,Liwan,,3rd,,"  19,554 ",,
1403213000,City of Tabuk ,143213000,City,,CC,1st,,"  121,033 ",,Capital
1403214000,Tanudan,143214000,Mun,,,3rd,,"  8,746 ",,
1403215000,Tinglayan,143215000,Mun,,,3rd,,"  13,148 ",,
1404400000,Mountain Province,144400000,Prov,,,2nd,,"  158,200 ",,
1404401000,Barlig,144401000,Mun,,,4th,,"  4,796 ",,
1404402000,Bauko,144402000,Mun,,,2nd,,"  32,021 ",,
1404403000,Besao,144403000,Mun,,,4th,,"  6,873 ",,
1404404000,Bontoc ,144404000,Mun,,,1st,,"  24,104 ",,Capital
1404405000,Natonin,144405000,Mun,,,3rd,,"  10,339 ",,
1404406000,Paracelis,144406000,Mun,,,1st,,"  31,168 ",,
1404407000,Sabangan,144407000,Mun,,,4th,,"  9,621 ",,
1404408000,Sadanga,144408000,Mun,,,5th,,"  8,427 ",,
1404409000,Sagada,144409000,Mun,,,4th,,"  11,510 ",,
1404410000,Tadian,144410000,Mun,,,3rd,,"  19,341 ",,
1408100000,Apayao,148100000,Prov,,,2nd,,"  124,366 ",,
1408101000,Calanasan,148101000,Mun,Bayag,,1st,,"  12,550 ",,
1408102000,Conner,148102000,Mun,,,1st,,"  27,552 ",,
1408103000,Flora,148103000,Mun,,,2nd,,"  17,944 ",,
1408104000,Kabugao ,148104000,Mun,,,1st,,"  16,215 ",,Capital
1408105000,Luna,148105000,Mun,,,1st,,"  21,297 ",,
1408106000,Pudtol,148106000,Mun,,,2nd,,"  15,491 ",,
1408107000,Santa Marcela,148107000,Mun,,,4th,,"  13,317 ",,
1430300000,City of Baguio,141102000,City,,HUC,1st,,"  366,358 ",,
0100000000,Region I (Ilocos Region),010000000,Reg,,,,,"  5,301,139 ",,
0102800000,Ilocos Norte,012800000,Prov,,,1st,,"  609,588 ",,
0102801000,Adams,012801000,Mun,,,4th,,"  2,189 ",,
0102802000,Bacarra,012802000,Mun,,,2nd,,"  33,496 ",,
0102803000,Badoc,012803000,Mun,,,1st,,"  32,530 ",,
0102804000,Bangui,012804000,Mun,,,2nd,,"  15,019 ",,
0102805000,City of Batac,012805000,City,,CC,3rd,,"  55,484 ",,
0102806000,Burgos,012806000,Mun,,,3rd,,"  10,759 ",,
0102807000,Carasi,012807000,Mun,,,5th,,"  1,607 ",,
0102808000,Currimao,012808000,Mun,,,3rd,,"  12,215 ",,
0102809000,Dingras,012809000,Mun,,,1st,,"  40,127 ",,
0102810000,Dumalneg,012810000,Mun,,,4th,,"  3,087 ",,
0102811000,Banna,012811000,Mun,Espiritu,,1st,,"  19,297 ",,
0102812000,City of Laoag ,012812000,City,,CC,3rd,,"  111,651 ",,Capital
0102813000,Marcos,012813000,Mun,,,2nd,,"  18,010 ",,
0102814000,Nueva Era,012814000,Mun,,,1st,,"  11,968 ",,
0102815000,Pagudpud,012815000,Mun,,,1st,,"  25,098 ",,
0102816000,Paoay,012816000,Mun,,,2nd,,"  25,001 ",,
0102817000,Pasuquin,012817000,Mun,,,1st,,"  29,678 ",,
0102818000,Piddig,012818000,Mun,,,1st,,"  22,475 ",,
0102819000,Pinili,012819000,Mun,,,1st,,"  17,626 ",,
0102820000,San Nicolas,012820000,Mun,,,1st,,"  38,895 ",,
0102821000,Sarrat,012821000,Mun,,,2nd,,"  25,186 ",,
0102822000,Solsona,012822000,Mun,,,2nd,,"  24,851 ",,
0102823000,Vintar,012823000,Mun,,,1st,,"  33,339 ",,
0102900000,Ilocos Sur,012900000,Prov,,,1st,,"  706,009 ",,
0102901000,Alilem,012901000,Mun,,,1st,,"  7,361 ",,
0102902000,Banayoyo,012902000,Mun,,,1st,,"  7,931 ",,
0102903000,Bantay,012903000,Mun,,,1st,,"  37,118 ",,
0102904000,Burgos,012904000,Mun,,,1st,,"  12,793 ",,
0102905000,Cabugao,012905000,Mun,,,1st,,"  38,884 ",,
0102906000,City of Candon,012906000,City,,CC,1st,,"  61,432 ",,
0102907000,Caoayan,012907000,Mun,,,2nd,,"  19,574 ",,
0102908000,Cervantes,012908000,Mun,,,1st,,"  19,449 ",,
0102909000,Galimuyod,012909000,Mun,,,1st,,"  10,244 ",,
0102910000,Gregorio del Pilar,012910000,Mun,Concepcion,,1st,,"  4,472 ",,
0102911000,Lidlidda,012911000,Mun,,,1st,,"  4,705 ",,
0102912000,Magsingal,012912000,Mun,,,1st,,"  31,308 ",,
0102913000,Nagbukel,012913000,Mun,,,1st,,"  5,465 ",,
0102914000,Narvacan,012914000,Mun,,,1st,,"  46,234 ",,
0102915000,Quirino,012915000,Mun,Angkaki,,1st,,"  9,306 ",,
0102916000,Salcedo,012916000,Mun,Baugen,,1st,,"  11,110 ",,
0102917000,San Emilio,012917000,Mun,,,1st,,"  7,206 ",,
0102918000,San Esteban,012918000,Mun,,,1st,,"  8,381 ",,
0102919000,San Ildefonso,012919000,Mun,,,2nd,,"  8,190 ",,
0102920000,San Juan,012920000,Mun,Lapog,,1st,,"  26,674 ",,
0102921000,San Vicente,012921000,Mun,,,3rd,,"  13,118 ",,
0102922000,Santa,012922000,Mun,,,2nd,,"  14,992 ",,
0102923000,Santa Catalina,012923000,Mun,,,2nd,,"  14,493 ",,
0102924000,Santa Cruz,012924000,Mun,,,1st,,"  41,366 ",,
0102925000,Santa Lucia,012925000,Mun,,,1st,,"  25,966 ",,
0102926000,Santa Maria,012926000,Mun,,,1st,,"  30,006 ",,
0102927000,Santiago,012927000,Mun,,,1st,,"  19,471 ",,
0102928000,Santo Domingo,012928000,Mun,,,1st,,"  29,041 ",,
0102929000,Sigay,012929000,Mun,,,1st,,"  2,552 ",,
0102930000,Sinait,012930000,Mun,,,1st,,"  25,998 ",,
0102931000,Sugpon,012931000,Mun,,,3rd,,"  4,930 ",,
0102932000,Suyo,012932000,Mun,,,1st,,"  10,766 ",,
0102933000,Tagudin,012933000,Mun,,,1st,,"  41,538 ",,
0102934000,City of Vigan ,012934000,City,,CC,4th,,"  53,935 ",,Capital
0103300000,La Union,013300000,Prov,,,1st,,"  822,352 ",,
0103301000,Agoo,013301000,Mun,,,1st,,"  66,028 ",,
0103302000,Aringay,013302000,Mun,,,1st,,"  50,380 ",,
0103303000,Bacnotan,013303000,Mun,,,1st,,"  44,388 ",,
0103304000,Bagulin,013304000,Mun,,,4th,,"  14,428 ",,
0103305000,Balaoan,013305000,Mun,,,1st,,"  40,339 ",,
0103306000,Bangar,013306000,Mun,,,1st,,"  38,041 ",,
0103307000,Bauang,013307000,Mun,,,1st,,"  78,449 ",,
0103308000,Burgos,013308000,Mun,,,4th,,"  9,006 ",,
0103309000,Caba,013309000,Mun,,,1st,,"  23,119 ",,
0103310000,Luna,013310000,Mun,,,2nd,,"  37,318 ",,
0103311000,Naguilian,013311000,Mun,,,1st,,"  52,189 ",,
0103312000,Pugo,013312000,Mun,,,3rd,,"  19,337 ",,
0103313000,Rosario,013313000,Mun,,,1st,,"  60,278 ",,
0103314000,City of San Fernando ,013314000,City,,CC,2nd,,"  125,640 ",,Capital
0103315000,San Gabriel,013315000,Mun,,,3rd,,"  18,943 ",,
0103316000,San Juan,013316000,Mun,,,1st,,"  40,507 ",,
0103317000,Santo Tomas,013317000,Mun,,,1st,,"  40,846 ",,
0103318000,Santol,013318000,Mun,,,1st,,"  14,166 ",,
0103319000,Sudipen,013319000,Mun,,,1st,,"  17,187 ",,
0103320000,Tubao,013320000,Mun,,,2nd,,"  31,763 ",,
0105500000,Pangasinan,015500000,Prov,,,1st,,"  3,163,190 ",,
0105501000,Agno,015501000,Mun,,,2nd,,"  29,947 ",,
0105502000,Aguilar,015502000,Mun,,,1st,,"  45,100 ",,
0105503000,City of Alaminos,015503000,City,,CC,3rd,,"  99,397 ",,
0105504000,Alcala,015504000,Mun,,,1st,,"  48,908 ",,
0105505000,Anda,015505000,Mun,,,2nd,,"  41,548 ",,
0105506000,Asingan,015506000,Mun,,,1st,,"  57,811 ",,
0105507000,Balungao,015507000,Mun,,,1st,,"  30,004 ",,
0105508000,Bani,015508000,Mun,,,1st,,"  52,603 ",,
0105509000,Basista,015509000,Mun,,,3rd,,"  37,679 ",,
0105510000,Bautista,015510000,Mun,,,3rd,,"  35,398 ",,
0105511000,Bayambang,015511000,Mun,,,1st,,"  129,011 ",,
0105512000,Binalonan,015512000,Mun,,,1st,,"  56,382 ",,
0105513000,Binmaley,015513000,Mun,,,1st,,"  86,881 ",,
0105514000,Bolinao,015514000,Mun,,,1st,,"  83,979 ",,
0105515000,Bugallon,015515000,Mun,,,1st,,"  74,962 ",,
0105516000,Burgos,015516000,Mun,,,3rd,,"  23,749 ",,
0105517000,Calasiao,015517000,Mun,,,1st,,"  100,471 ",,
0105518000,City of Dagupan,015518000,City,,ICC,2nd,,"  174,302 ",,
0105519000,Dasol,015519000,Mun,,,2nd,,"  31,355 ",,
0105520000,Infanta,015520000,Mun,,,2nd,,"  26,242 ",,
0105521000,Labrador,015521000,Mun,,,3rd,,"  26,811 ",,
0105522000,Lingayen ,015522000,Mun,,,1st,,"  107,728 ",,Capital
0105523000,Mabini,015523000,Mun,,,2nd,,"  26,454 ",,
0105524000,Malasiqui,015524000,Mun,,,1st,,"  143,094 ",,
0105525000,Manaoag,015525000,Mun,,,1st,,"  76,045 ",,
0105526000,Mangaldan,015526000,Mun,,,1st,,"  113,185 ",,
0105527000,Mangatarem,015527000,Mun,,,1st,,"  79,323 ",,
0105528000,Mapandan,015528000,Mun,,,3rd,,"  38,058 ",,
0105529000,Natividad,015529000,Mun,,,3rd,,"  25,771 ",,
0105530000,Pozorrubio,015530000,Mun,,,1st,,"  74,729 ",,
0105531000,Rosales,015531000,Mun,,,1st,,"  66,711 ",,
0105532000,City of San Carlos,015532000,City,,CC,2nd,,"  205,424 ",,
0105533000,San Fabian,015533000,Mun,,,1st,,"  87,428 ",,
0105534000,San Jacinto,015534000,Mun,,,1st,,"  44,351 ",,
0105535000,San Manuel,015535000,Mun,,,1st,,"  54,271 ",,
0105536000,San Nicolas,015536000,Mun,,,1st,,"  39,778 ",,
0105537000,San Quintin,015537000,Mun,,,2nd,,"  33,980 ",,
0105538000,Santa Barbara,015538000,Mun,,,1st,,"  92,187 ",,
0105539000,Santa Maria,015539000,Mun,,,2nd,,"  34,220 ",,
0105540000,Santo Tomas,015540000,Mun,,,4th,,"  14,878 ",,
0105541000,Sison,015541000,Mun,,,1st,,"  52,320 ",,
0105542000,Sual,015542000,Mun,,,1st,,"  39,091 ",,
0105543000,Tayug,015543000,Mun,,,1st,,"  45,241 ",,
0105544000,Umingan,015544000,Mun,,,1st,,"  77,074 ",,
0105545000,Urbiztondo,015545000,Mun,,,1st,,"  55,557 ",,
0105546000,City of Urdaneta,015546000,City,,CC,1st,,"  144,577 ",,
0105547000,Villasis,015547000,Mun,,,1st,,"  65,047 ",,
0105548000,Laoac,015548000,Mun,,,2nd,,"  34,128 ",,
0200000000,Region II (Cagayan Valley),020000000,Reg,,,,,"  3,685,744 ",,
0200900000,Batanes,020900000,Prov,,,4th,,"  18,831 ",,
0200901000,Basco ,020901000,Mun,,,4th,,"  9,517 ",,Capital
0200902000,Itbayat,020902000,Mun,,,5th,,"  3,128 ",,
0200903000,Ivana,020903000,Mun,,,5th,,"  1,407 ",,
0200904000,Mahatao,020904000,Mun,,,5th,,"  1,703 ",,
0200905000,Sabtang,020905000,Mun,,,5th,,"  1,696 ",,
0200906000,Uyugan,020906000,Mun,,,5th,,"  1,380 ",,
0201500000,Cagayan,021500000,Prov,,,1st,,"  1,268,603 ",,
0201501000,Abulug,021501000,Mun,,,2nd,,"  34,579 ",,
0201502000,Alcala,021502000,Mun,,,1st,,"  41,295 ",,
0201503000,Allacapan,021503000,Mun,,,1st,,"  35,234 ",,
0201504000,Amulung,021504000,Mun,,,1st,,"  50,336 ",,
0201505000,Aparri,021505000,Mun,,,1st,,"  68,839 ",,
0201506000,Baggao,021506000,Mun,,,1st,,"  87,753 ",,
0201507000,Ballesteros,021507000,Mun,,,2nd,,"  34,488 ",,
0201508000,Buguey,021508000,Mun,,,2nd,,"  32,148 ",,
0201509000,Calayan,021509000,Mun,,,1st,,"  17,410 ",,
0201510000,Camalaniugan,021510000,Mun,,,3rd,,"  25,236 ",,
0201511000,Claveria,021511000,Mun,,,2nd,,"  31,900 ",,
0201512000,Enrile,021512000,Mun,,,1st,,"  36,705 ",,
0201513000,Gattaran,021513000,Mun,,,1st,,"  58,874 ",,
0201514000,Gonzaga,021514000,Mun,,,1st,,"  41,680 ",,
0201515000,Iguig,021515000,Mun,,,2nd,,"  30,060 ",,
0201516000,Lal-Lo,021516000,Mun,,,1st,,"  48,733 ",,
0201517000,Lasam,021517000,Mun,,,1st,,"  41,225 ",,
0201518000,Pamplona,021518000,Mun,,,3rd,,"  24,781 ",,
0201519000,Peñablanca,021519000,Mun,,,1st,,"  50,300 ",,
0201520000,Piat,021520000,Mun,,,3rd,,"  24,805 ",,
0201521000,Rizal,021521000,Mun,,,4th,,"  19,077 ",,
0201522000,Sanchez-Mira,021522000,Mun,,,2nd,,"  26,164 ",,
0201523000,Santa Ana,021523000,Mun,,,1st,,"  35,688 ",,
0201524000,Santa Praxedes,021524000,Mun,,,5th,,"  4,434 ",,
0201525000,Santa Teresita,021525000,Mun,,,3rd,,"  19,573 ",,
0201526000,Santo Niño,021526000,Mun,Faire,,1st,,"  28,537 ",,
0201527000,Solana,021527000,Mun,,,1st,,"  88,445 ",,
0201528000,Tuao,021528000,Mun,,,1st,,"  63,970 ",,
0201529000,Tuguegarao City ,021529000,City,,CC,2nd,,"  166,334 ",,Capital
0203100000,Isabela,023100000,Prov,,,1st,,"  1,697,050 ",,
0203101000,Alicia,023101000,Mun,,,1st,,"  73,874 ",,
0203102000,Angadanan,023102000,Mun,,,1st,,"  44,977 ",,
0203103000,Aurora,023103000,Mun,,,1st,,"  36,621 ",,
0203104000,Benito Soliven,023104000,Mun,,,2nd,,"  29,752 ",,
0203105000,Burgos,023105000,Mun,,,3rd,,"  26,040 ",,
0203106000,Cabagan,023106000,Mun,,,1st,,"  53,897 ",,
0203107000,Cabatuan,023107000,Mun,,,1st,,"  39,990 ",,
0203108000,City of Cauayan,023108000,City,,CC,2nd,,"  143,403 ",,
0203109000,Cordon,023109000,Mun,,,1st,,"  46,477 ",,
0203110000,Dinapigue,023110000,Mun,,,1st,,"  5,821 ",,
0203111000,Divilacan,023111000,Mun,,,1st,,"  5,827 ",,
0203112000,Echague,023112000,Mun,,,1st,,"  88,410 ",,
0203113000,Gamu,023113000,Mun,,,2nd,,"  30,655 ",,
0203114000,City of Ilagan ,023114000,City,,CC,1st,,"  158,218 ",,Capital
0203115000,Jones,023115000,Mun,,,1st,,"  45,628 ",,
0203116000,Luna,023116000,Mun,,,1st,,"  20,697 ",,
0203117000,Maconacon,023117000,Mun,,,2nd,,"  3,977 ",,
0203118000,Delfin Albano,023118000,Mun,Magsaysay,,1st,,"  29,928 ",,
0203119000,Mallig,023119000,Mun,,,1st,,"  32,208 ",,
0203120000,Naguilian,023120000,Mun,,,1st,,"  33,788 ",,
0203121000,Palanan,023121000,Mun,,,1st,,"  17,684 ",,
0203122000,Quezon,023122000,Mun,,,1st,,"  27,037 ",,
0203123000,Quirino,023123000,Mun,,,1st,,"  25,023 ",,
0203124000,Ramon,023124000,Mun,,,1st,,"  56,523 ",,
0203125000,Reina Mercedes,023125000,Mun,,,1st,,"  27,900 ",,
0203126000,Roxas,023126000,Mun,,,1st,,"  65,839 ",,
0203127000,San Agustin,023127000,Mun,,,2nd,,"  22,096 ",,
0203128000,San Guillermo,023128000,Mun,,,2nd,,"  20,915 ",,
0203129000,San Isidro,023129000,Mun,,,3rd,,"  27,044 ",,
0203130000,San Manuel,023130000,Mun,,,2nd,,"  34,085 ",,
0203131000,San Mariano,023131000,Mun,,,1st,,"  60,124 ",,
0203132000,San Mateo,023132000,Mun,,,1st,,"  66,663 ",,
0203133000,San Pablo,023133000,Mun,,,1st,,"  26,320 ",,
0203134000,Santa Maria,023134000,Mun,,,3rd,,"  25,758 ",,
0203135000,City of Santiago,023135000,City,,ICC,1st,,"  148,580 ",,
0203136000,Santo Tomas,023136000,Mun,,,3rd,,"  24,528 ",,
0203137000,Tumauini,023137000,Mun,,,1st,,"  70,743 ",,
0205000000,Nueva Vizcaya,025000000,Prov,,,1st,,"  497,432 ",,
0205001000,Ambaguio,025001000,Mun,,,4th,,"  15,472 ",,
0205002000,Aritao,025002000,Mun,,,1st,,"  42,197 ",,
0205003000,Bagabag,025003000,Mun,,,1st,,"  37,985 ",,
0205004000,Bambang,025004000,Mun,,,1st,,"  55,789 ",,
0205005000,Bayombong ,025005000,Mun,,,1st,,"  67,714 ",,Capital
0205006000,Diadi,025006000,Mun,,,3rd,,"  19,236 ",,
0205007000,Dupax del Norte,025007000,Mun,,,1st,,"  33,295 ",,
0205008000,Dupax del Sur,025008000,Mun,,,1st,,"  21,224 ",,
0205009000,Kasibu,025009000,Mun,,,1st,,"  41,776 ",,
0205010000,Kayapa,025010000,Mun,,,1st,,"  26,469 ",,
0205011000,Quezon,025011000,Mun,,,1st,,"  24,055 ",,
0205012000,Santa Fe,025012000,Mun,,,2nd,,"  18,276 ",,
0205013000,Solano,025013000,Mun,,,1st,,"  65,287 ",,
0205014000,Villaverde,025014000,Mun,,,4th,,"  20,118 ",,
0205015000,Alfonso Castaneda,025015000,Mun,,,2nd*,,"  8,539 ",,
0205700000,Quirino,025700000,Prov,,,1st,,"  203,828 ",,
0205701000,Aglipay,025701000,Mun,,,2nd,,"  30,714 ",,
0205702000,Cabarroguis ,025702000,Mun,,,1st,,"  33,533 ",,Capital
0205703000,Diffun,025703000,Mun,,,1st,,"  56,102 ",,
0205704000,Maddela,025704000,Mun,,,1st,,"  40,943 ",,
0205705000,Saguday,025705000,Mun,,,4th,,"  17,137 ",,
0205706000,Nagtipunan,025706000,Mun,,,1st,,"  25,399 ",,
0300000000,Region III (Central Luzon),030000000,Reg,,,,,"  12,422,172 ",,
0300800000,Bataan,030800000,Prov,,,1st,,"  853,373 ",,
0300801000,Abucay,030801000,Mun,,,2nd,,"  42,984 ",,
0300802000,Bagac,030802000,Mun,,,2nd,,"  31,365 ",,
0300803000,City of Balanga ,030803000,City,,CC,2nd,,"  104,173 ",,Capital
0300804000,Dinalupihan,030804000,Mun,,,1st,,"  118,209 ",,
0300805000,Hermosa,030805000,Mun,,,1st,,"  77,443 ",,
0300806000,Limay,030806000,Mun,,,1st,,"  78,272 ",,
0300807000,Mariveles,030807000,Mun,,,1st,,"  149,879 ",,
0300808000,Morong,030808000,Mun,,,1st,,"  35,394 ",,
0300809000,Orani,030809000,Mun,,,1st,,"  70,342 ",,
0300810000,Orion,030810000,Mun,,,1st,,"  60,771 ",,
0300811000,Pilar,030811000,Mun,,,2nd,,"  46,239 ",,
0300812000,Samal,030812000,Mun,,,2nd,,"  38,302 ",,
0301400000,Bulacan,031400000,Prov,,,1st,,"  3,708,890 ",,
0301401000,Angat,031401000,Mun,,,1st,,"  65,617 ",,
0301402000,Balagtas,031402000,Mun,Bigaa,,1st,,"  77,018 ",,
0301403000,City of Baliwag,031403000,City,,CC,3rd,,"  168,470 ",,
0301404000,Bocaue,031404000,Mun,,,1st,,"  141,412 ",,
0301405000,Bulacan,031405000,Mun,,,1st,,"  81,232 ",,
0301406000,Bustos,031406000,Mun,,,1st,,"  77,199 ",,
0301407000,Calumpit,031407000,Mun,,,1st,,"  118,471 ",,
0301408000,Guiguinto,031408000,Mun,,,1st,,"  113,415 ",,
0301409000,Hagonoy,031409000,Mun,,,1st,,"  133,448 ",,
0301410000,City of Malolos ,031410000,City,,CC,1st,,"  261,189 ",,Capital
0301411000,Marilao,031411000,Mun,,,1st,,"  254,453 ",,
0301412000,City of Meycauayan,031412000,City,,CC,1st,,"  225,673 ",,
0301413000,Norzagaray,031413000,Mun,,,1st,,"  136,064 ",,
0301414000,Obando,031414000,Mun,,,1st,,"  59,978 ",,
0301415000,Pandi,031415000,Mun,,,1st,,"  155,115 ",,
0301416000,Paombong,031416000,Mun,,,2nd,,"  55,696 ",,
0301417000,Plaridel,031417000,Mun,,,1st,,"  114,432 ",,
0301418000,Pulilan,031418000,Mun,,,1st,,"  108,836 ",,
0301419000,San Ildefonso,031419000,Mun,,,1st,,"  115,713 ",,
0301420000,City of San Jose Del Monte,031420000,City,,CC,1st,,"  651,813 ",,
0301421000,San Miguel,031421000,Mun,,,1st,,"  172,073 ",,
0301422000,San Rafael,031422000,Mun,,,1st,,"  103,097 ",,
0301423000,Santa Maria,031423000,Mun,,,1st,,"  289,820 ",,
0301424000,Doña Remedios Trinidad,031424000,Mun,,,1st,,"  28,656 ",,
0304900000,Nueva Ecija,034900000,Prov,,,1st,,"  2,310,134 ",,
0304901000,Aliaga,034901000,Mun,,,1st,,"  70,363 ",,
0304902000,Bongabon,034902000,Mun,,,1st,,"  66,839 ",,
0304903000,City of Cabanatuan,034903000,City,,CC,1st,,"  327,325 ",,
0304904000,Cabiao,034904000,Mun,,,1st,,"  85,862 ",,
0304905000,Carranglan,034905000,Mun,,,1st,,"  42,420 ",,
0304906000,Cuyapo,034906000,Mun,,,1st,,"  68,066 ",,
0304907000,Gabaldon,034907000,Mun,Bitulok & Sabani,,1st,,"  38,958 ",,
0304908000,City of Gapan,034908000,City,,CC,3rd,,"  122,968 ",,
0304909000,General Mamerto Natividad,034909000,Mun,,,2nd,,"  44,311 ",,
0304910000,General Tinio,034910000,Mun,Papaya,,1st,,"  55,925 ",,
0304911000,Guimba,034911000,Mun,,,1st,,"  127,653 ",,
0304912000,Jaen,034912000,Mun,,,1st,,"  79,189 ",,
0304913000,Laur,034913000,Mun,,,1st,,"  38,263 ",,
0304914000,Licab,034914000,Mun,,,3rd,,"  29,269 ",,
0304915000,Llanera,034915000,Mun,,,2nd,,"  42,281 ",,
0304916000,Lupao,034916000,Mun,,,2nd,,"  45,917 ",,
0304917000,Science City of Muñoz,034917000,City,,CC,4th,,"  84,308 ",,
0304918000,Nampicuan,034918000,Mun,,,4th,,"  14,471 ",,
0304919000,City of Palayan ,034919000,City,,CC,4th,,"  45,383 ",,Capital
0304920000,Pantabangan,034920000,Mun,,,1st,,"  31,763 ",,
0304921000,Peñaranda,034921000,Mun,,,2nd,,"  32,269 ",,
0304922000,Quezon,034922000,Mun,,,2nd,,"  41,845 ",,
0304923000,Rizal,034923000,Mun,,,1st,,"  70,196 ",,
0304924000,San Antonio,034924000,Mun,,,1st,,"  83,060 ",,
0304925000,San Isidro,034925000,Mun,,,1st,,"  54,372 ",,
0304926000,San Jose City,034926000,City,,CC,2nd,,"  150,917 ",,
0304927000,San Leonardo,034927000,Mun,,,1st,,"  68,536 ",,
0304928000,Santa Rosa,034928000,Mun,,,1st,,"  75,649 ",,
0304929000,Santo Domingo,034929000,Mun,,,1st,,"  61,092 ",,
0304930000,Talavera,034930000,Mun,,,1st,,"  132,338 ",,
0304931000,Talugtug,034931000,Mun,,,3rd,,"  25,236 ",,
0304932000,Zaragoza,034932000,Mun,,,1st,,"  53,090 ",,
0305400000,Pampanga,035400000,Prov,,,1st,,"  2,437,709 ",(excluding CITY OF ANGELES) ,
0305402000,Apalit,035402000,Mun,,,1st,,"  117,160 ",,
0305403000,Arayat,035403000,Mun,,,1st,,"  144,875 ",,
0305404000,Bacolor,035404000,Mun,,,1st,,"  48,066 ",,
0305405000,Candaba,035405000,Mun,,,1st,,"  119,497 ",,
0305406000,Floridablanca,035406000,Mun,,,1st,,"  135,542 ",,
0305407000,Guagua,035407000,Mun,,,1st,,"  128,893 ",,
0305408000,Lubao,035408000,Mun,,,1st,,"  173,502 ",,
0305409000,Mabalacat City,035409000,City,,CC,1st,,"  293,244 ",,
0305410000,Macabebe,035410000,Mun,,,1st,,"  78,151 ",,
0305411000,Magalang,035411000,Mun,,,1st,,"  124,188 ",,
0305412000,Masantol,035412000,Mun,,,1st,,"  57,990 ",,
0305413000,Mexico,035413000,Mun,,,1st,,"  173,403 ",,
0305414000,Minalin,035414000,Mun,,,2nd,,"  48,380 ",,
0305415000,Porac,035415000,Mun,,,1st,,"  140,751 ",,
0305416000,City of San Fernando ,035416000,City,,CC,1st,,"  354,666 ",,Capital
0305417000,San Luis,035417000,Mun,,,2nd,,"  58,551 ",,
0305418000,San Simon,035418000,Mun,,,1st,,"  59,182 ",,
0305419000,Santa Ana,035419000,Mun,,,1st,,"  61,537 ",,
0305420000,Santa Rita,035420000,Mun,,,2nd,,"  48,209 ",,
0305421000,Sto. Tomas,035421000,Mun,,,2nd,,"  42,846 ",,
0305422000,Sasmuan,035422000,Mun,Sexmoan,,3rd,,"  29,076 ",,
0306900000,Tarlac,036900000,Prov,,,1st,,"  1,503,456 ",,
0306901000,Anao,036901000,Mun,,,4th,,"  12,208 ",,
0306902000,Bamban,036902000,Mun,,,1st,,"  78,260 ",,
0306903000,Camiling,036903000,Mun,,,1st,,"  87,319 ",,
0306904000,Capas,036904000,Mun,,,1st,,"  156,056 ",,
0306905000,Concepcion,036905000,Mun,,,1st,,"  169,953 ",,
0306906000,Gerona,036906000,Mun,,,1st,,"  94,485 ",,
0306907000,La Paz,036907000,Mun,,,1st,,"  68,952 ",,
0306908000,Mayantoc,036908000,Mun,,,1st,,"  32,597 ",,
0306909000,Moncada,036909000,Mun,,,1st,,"  62,819 ",,
0306910000,Paniqui,036910000,Mun,,,1st,,"  103,003 ",,
0306911000,Pura,036911000,Mun,,,3rd,,"  25,781 ",,
0306912000,Ramos,036912000,Mun,,,4th,,"  22,879 ",,
0306913000,San Clemente,036913000,Mun,,,4th,,"  13,181 ",,
0306914000,San Manuel,036914000,Mun,,,1st,,"  28,387 ",,
0306915000,Santa Ignacia,036915000,Mun,,,1st,,"  51,626 ",,
0306916000,City of Tarlac ,036916000,City,,CC,1st,,"  385,398 ",,Capital
0306917000,Victoria,036917000,Mun,,,1st,,"  69,370 ",,
0306918000,San Jose,036918000,Mun,,,1st,,"  41,182 ",,
0307100000,Zambales,037100000,Prov,,,1st,,"  649,615 ",(excluding CITY OF OLONGAPO) ,
0307101000,Botolan,037101000,Mun,,,1st,,"  66,739 ",,
0307102000,Cabangan,037102000,Mun,,,2nd,,"  28,118 ",,
0307103000,Candelaria,037103000,Mun,,,1st,,"  30,263 ",,
0307104000,Castillejos,037104000,Mun,,,1st,,"  67,889 ",,
0307105000,Iba ,037105000,Mun,,,1st,,"  55,581 ",,Capital
0307106000,Masinloc,037106000,Mun,,,1st,,"  54,529 ",,
0307108000,Palauig,037108000,Mun,,,1st,,"  39,784 ",,
0307109000,San Antonio,037109000,Mun,,,1st,,"  37,450 ",,
0307110000,San Felipe,037110000,Mun,,,3rd,,"  25,033 ",,
0307111000,San Marcelino,037111000,Mun,,,1st,,"  37,719 ",,
0307112000,San Narciso,037112000,Mun,,,3rd,,"  30,759 ",,
0307113000,Santa Cruz,037113000,Mun,,,1st,,"  63,839 ",,
0307114000,Subic,037114000,Mun,,,1st,,"  111,912 ",,
0307700000,Aurora,037700000,Prov,,,2nd,,"  235,750 ",,
0307701000,Baler ,037701000,Mun,,,1st,,"  43,785 ",,Capital
0307702000,Casiguran,037702000,Mun,,,1st,,"  26,564 ",,
0307703000,Dilasag,037703000,Mun,,,2nd,,"  17,102 ",,
0307704000,Dinalungan,037704000,Mun,,,3rd,,"  12,508 ",,
0307705000,Dingalan,037705000,Mun,,,2nd,,"  27,878 ",,
0307706000,Dipaculao,037706000,Mun,,,1st,,"  33,131 ",,
0307707000,Maria Aurora,037707000,Mun,,,1st,,"  44,958 ",,
0307708000,San Luis,037708000,Mun,,,1st,,"  29,824 ",,
0330100000,City of Angeles,035401000,City,,HUC,1st,,"  462,928 ",,
0331400000,City of Olongapo,037107000,City,,HUC,1st,,"  260,317 ",,
0400000000,Region IV-A (CALABARZON),040000000,Reg,,,,,"  16,195,042 ",,
0401000000,Batangas,041000000,Prov,,,1st,,"  2,908,494 ",,
0401001000,Agoncillo,041001000,Mun,,,2nd,,"  39,101 ",,
0401002000,Alitagtag,041002000,Mun,,,4th,,"  26,819 ",,
0401003000,Balayan,041003000,Mun,,,1st,,"  95,913 ",,
0401004000,Balete,041004000,Mun,,,4th,,"  24,055 ",,
0401005000,Batangas City ,041005000,City,,CC,1st,,"  351,437 ",,Capital
0401006000,Bauan,041006000,Mun,,,1st,,"  90,819 ",,
0401007000,City of Calaca,041007000,City,,CC,3rd,,"  87,361 ",,
0401008000,Calatagan,041008000,Mun,,,1st,,"  58,719 ",,
0401009000,Cuenca,041009000,Mun,,,2nd,,"  36,235 ",,
0401010000,Ibaan,041010000,Mun,,,1st,,"  58,507 ",,
0401011000,Laurel,041011000,Mun,,,2nd,,"  43,210 ",,
0401012000,Lemery,041012000,Mun,,,1st,,"  93,186 ",,
0401013000,Lian,041013000,Mun,,,1st,,"  56,280 ",,
0401014000,City of Lipa,041014000,City,,CC,1st,,"  372,931 ",,
0401015000,Lobo,041015000,Mun,,,1st,,"  40,736 ",,
0401016000,Mabini,041016000,Mun,,,1st,,"  50,858 ",,
0401017000,Malvar,041017000,Mun,,,1st,,"  64,379 ",,
0401018000,Mataasnakahoy,041018000,Mun,,,3rd,,"  30,621 ",,
0401019000,Nasugbu,041019000,Mun,,,1st,,"  136,524 ",,
0401020000,Padre Garcia,041020000,Mun,,,1st,,"  51,853 ",,
0401021000,Rosario,041021000,Mun,,,1st,,"  128,352 ",,
0401022000,San Jose,041022000,Mun,,,1st,,"  79,868 ",,
0401023000,San Juan,041023000,Mun,,,1st,,"  114,068 ",,
0401024000,San Luis,041024000,Mun,,,3rd,,"  36,172 ",,
0401025000,San Nicolas,041025000,Mun,,,4th,,"  23,908 ",,
0401026000,San Pascual,041026000,Mun,,,1st,,"  69,009 ",,
0401027000,Santa Teresita,041027000,Mun,,,4th,,"  21,559 ",,
0401028000,City of Sto. Tomas,041028000,City,,CC,1st,,"  218,500 ",,
0401029000,Taal,041029000,Mun,,,1st,,"  61,460 ",,
0401030000,Talisay,041030000,Mun,,,1st,,"  46,238 ",,
0401031000,City of Tanauan,041031000,City,,CC,1st,,"  193,936 ",,
0401032000,Taysan,041032000,Mun,,,1st,,"  40,146 ",,
0401033000,Tingloy,041033000,Mun,,,4th,,"  19,215 ",,
0401034000,Tuy,041034000,Mun,,,2nd,,"  46,519 ",,
0402100000,Cavite,042100000,Prov,,,1st,,"  4,344,829 ",,
0402101000,Alfonso,042101000,Mun,,,1st,,"  59,306 ",,
0402102000,Amadeo,042102000,Mun,,,2nd,,"  41,901 ",,
0402103000,City of Bacoor,042103000,City,,CC,1st,,"  664,625 ",,
0402104000,City of Carmona,042104000,City,,CC,2nd,,"  106,256 ",,
0402105000,City of Cavite,042105000,City,,CC,4th,,"  100,674 ",,
0402106000,City of Dasmariñas,042106000,City,,CC,1st,,"  703,141 ",,
0402107000,General Emilio Aguinaldo,042107000,Mun,,,4th,,"  23,973 ",,
0402108000,City of General Trias,042108000,City,,CC,1st,,"  450,583 ",,
0402109000,City of Imus,042109000,City,,CC,1st,,"  496,794 ",,
0402110000,Indang,042110000,Mun,,,1st,,"  68,699 ",,
0402111000,Kawit,042111000,Mun,,,1st,,"  107,535 ",,
0402112000,Magallanes,042112000,Mun,,,3rd,,"  23,851 ",,
0402113000,Maragondon,042113000,Mun,,,2nd,,"  40,687 ",,
0402114000,Mendez,042114000,Mun,Mendez-Nuñez,,2nd,,"  34,879 ",,
0402115000,Naic,042115000,Mun,,,1st,,"  160,987 ",,
0402116000,Noveleta,042116000,Mun,,,1st,,"  49,452 ",,
0402117000,Rosario,042117000,Mun,,,1st,,"  110,807 ",,
0402118000,Silang,042118000,Mun,,,1st,,"  295,644 ",,
0402119000,City of Tagaytay,042119000,City,,CC,1st,,"  85,330 ",,
0402120000,Tanza,042120000,Mun,,,1st,,"  312,116 ",,
0402121000,Ternate,042121000,Mun,,,3rd,,"  24,653 ",,
0402122000,City of Trece Martires ,042122000,City,,CC,2nd,,"  210,503 ",,Capital
0402123000,Gen. Mariano Alvarez,042123000,Mun,,,1st,,"  172,433 ",,
0403400000,Laguna,043400000,Prov,,,1st,,"  3,382,193 ",,
0403401000,Alaminos,043401000,Mun,,,1st,,"  51,619 ",,
0403402000,Bay,043402000,Mun,,,1st,,"  67,182 ",,
0403403000,City of Biñan,043403000,City,,CC,1st,,"  407,437 ",,
0403404000,City of Cabuyao,043404000,City,,CC,1st,,"  355,330 ",,
0403405000,City of Calamba,043405000,City,,CC,1st,,"  539,671 ",,
0403406000,Calauan,043406000,Mun,,,1st,,"  87,693 ",,
0403407000,Cavinti,043407000,Mun,,,2nd,,"  23,980 ",,
0403408000,Famy,043408000,Mun,,,4th,,"  16,791 ",,
0403409000,Kalayaan,043409000,Mun,,,3rd,,"  24,755 ",,
0403410000,Liliw,043410000,Mun,,,3rd,,"  39,491 ",,
0403411000,Los Baños,043411000,Mun,,,1st,,"  115,353 ",,
0403412000,Luisiana,043412000,Mun,,,4th,,"  20,859 ",,
0403413000,Lumban,043413000,Mun,,,3rd,,"  32,330 ",,
0403414000,Mabitac,043414000,Mun,,,4th,,"  21,275 ",,
0403415000,Magdalena,043415000,Mun,,,3rd,,"  27,816 ",,
0403416000,Majayjay,043416000,Mun,,,3rd,,"  27,893 ",,
0403417000,Nagcarlan,043417000,Mun,,,1st,,"  64,866 ",,
0403418000,Paete,043418000,Mun,,,4th,,"  24,945 ",,
0403419000,Pagsanjan,043419000,Mun,,,2nd,,"  44,327 ",,
0403420000,Pakil,043420000,Mun,,,3rd,,"  23,495 ",,
0403421000,Pangil,043421000,Mun,,,3rd,,"  25,026 ",,
0403422000,Pila,043422000,Mun,,,1st,,"  54,613 ",,
0403423000,Rizal,043423000,Mun,,,4th,,"  18,332 ",,
0403424000,City of San Pablo,043424000,City,,CC,1st,,"  285,348 ",,
0403425000,City of San Pedro,043425000,City,,CC,1st,,"  326,001 ",,
0403426000,Santa Cruz ,043426000,Mun,,,1st,,"  123,574 ",,Capital
0403427000,Santa Maria,043427000,Mun,,,2nd,,"  34,511 ",,
0403428000,City of Santa Rosa,043428000,City,,CC,1st,,"  414,812 ",,
0403429000,Siniloan,043429000,Mun,,,1st,,"  39,460 ",,
0403430000,Victoria,043430000,Mun,,,2nd,,"  43,408 ",,
0405600000,Quezon,045600000,Prov,,,1st,,"  1,950,459 ",(excluding CITY OF LUCENA) ,
0405601000,Agdangan,045601000,Mun,,,5th,,"  12,764 ",,
0405602000,Alabat,045602000,Mun,,,4th,,"  15,936 ",,
0405603000,Atimonan,045603000,Mun,,,1st,,"  64,260 ",,
0405605000,Buenavista,045605000,Mun,,,2nd,,"  31,160 ",,
0405606000,Burdeos,045606000,Mun,,,3rd,,"  24,644 ",,
0405607000,Calauag,045607000,Mun,,,1st,,"  71,809 ",,
0405608000,Candelaria,045608000,Mun,,,1st,,"  137,881 ",,
0405610000,Catanauan,045610000,Mun,,,1st,,"  72,752 ",,
0405615000,Dolores,045615000,Mun,,,3rd,,"  32,514 ",,
0405616000,General Luna,045616000,Mun,,,3rd,,"  24,804 ",,
0405617000,General Nakar,045617000,Mun,,,1st,,"  34,225 ",,
0405618000,Guinayangan,045618000,Mun,,,1st,,"  44,045 ",,
0405619000,Gumaca,045619000,Mun,,,1st,,"  71,942 ",,
0405620000,Infanta,045620000,Mun,,,1st,,"  76,186 ",,
0405621000,Jomalig,045621000,Mun,,,5th,,"  7,667 ",,
0405622000,Lopez,045622000,Mun,,,1st,,"  94,657 ",,
0405623000,Lucban,045623000,Mun,,,1st,,"  53,091 ",,
0405625000,Macalelon,045625000,Mun,,,3rd,,"  27,312 ",,
0405627000,Mauban,045627000,Mun,,,1st,,"  71,081 ",,
0405628000,Mulanay,045628000,Mun,,,1st,,"  55,576 ",,
0405629000,Padre Burgos,045629000,Mun,,,4th,,"  23,488 ",,
0405630000,Pagbilao,045630000,Mun,,,1st,,"  78,700 ",,
0405631000,Panukulan,045631000,Mun,,,3rd,,"  16,376 ",,
0405632000,Patnanungan,045632000,Mun,,,4th,,"  15,052 ",,
0405633000,Perez,045633000,Mun,,,4th,,"  12,767 ",,
0405634000,Pitogo,045634000,Mun,,,4th,,"  22,798 ",,
0405635000,Plaridel,045635000,Mun,,,5th,,"  10,129 ",,
0405636000,Polillo,045636000,Mun,,,1st,,"  31,908 ",,
0405637000,Quezon,045637000,Mun,,,4th,,"  15,886 ",,
0405638000,Real,045638000,Mun,,,1st,,"  38,678 ",,
0405639000,Sampaloc,045639000,Mun,,,4th,,"  13,629 ",,
0405640000,San Andres,045640000,Mun,,,2nd,,"  37,454 ",,
0405641000,San Antonio,045641000,Mun,,,3rd,,"  35,891 ",,
0405642000,San Francisco,045642000,Mun,Aurora,,1st,,"  62,097 ",,
0405644000,San Narciso,045644000,Mun,,,1st,,"  51,058 ",,
0405645000,Sariaya,045645000,Mun,,,1st,,"  161,868 ",,
0405646000,Tagkawayan,045646000,Mun,,,1st,,"  54,003 ",,
0405647000,City of Tayabas,045647000,City,,CC,3rd,,"  112,658 ",,
0405648000,Tiaong,045648000,Mun,,,1st,,"  106,265 ",,
0405649000,Unisan,045649000,Mun,,,3rd,,"  25,448 ",,
0405800000,Rizal,045800000,Prov,,,1st,,"  3,330,143 ",,
0405801000,Angono,045801000,Mun,,,1st,,"  130,494 ",,
0405802000,City of Antipolo ,045802000,City,,CC,1st,,"  887,399 ",,Capital
0405803000,Baras,045803000,Mun,,,1st,,"  87,637 ",,
0405804000,Binangonan,045804000,Mun,,,1st,,"  313,631 ",,
0405805000,Cainta,045805000,Mun,,,1st,,"  376,933 ",,
0405806000,Cardona,045806000,Mun,,,2nd,,"  50,143 ",,
0405807000,Jala-Jala,045807000,Mun,,,3rd,,"  34,017 ",,
0405808000,Rodriguez,045808000,Mun,Montalban,,1st,,"  443,954 ",,
0405809000,Morong,045809000,Mun,,,1st,,"  71,151 ",,
0405810000,Pililla,045810000,Mun,,,1st,,"  71,535 ",,
0405811000,San Mateo,045811000,Mun,,,1st,,"  273,306 ",,
0405812000,Tanay,045812000,Mun,,,1st,,"  139,420 ",,
0405813000,Taytay,045813000,Mun,,,1st,,"  386,451 ",,
0405814000,Teresa,045814000,Mun,,,1st,,"  64,072 ",,
0431200000,City of Lucena ,045624000,City,,HUC,1st,,"  278,924 ",,Capital
1700000000,MIMAROPA Region,170000000,Reg,,,,,"  3,228,558 ",,
1704000000,Marinduque,174000000,Prov,,,2nd,,"  239,207 ",,
1704001000,Boac ,174001000,Mun,,,1st,,"  57,283 ",,Capital
1704002000,Buenavista,174002000,Mun,,,4th,,"  26,043 ",,
1704003000,Gasan,174003000,Mun,,,2nd,,"  36,197 ",,
1704004000,Mogpog,174004000,Mun,,,2nd,,"  34,516 ",,
1704005000,Santa Cruz,174005000,Mun,,,1st,,"  54,692 ",,
1704006000,Torrijos,174006000,Mun,,,2nd,,"  30,476 ",,
1705100000,Occidental Mindoro,175100000,Prov,,,1st,,"  525,354 ",,
1705101000,Abra De Ilog,175101000,Mun,,,1st,,"  35,176 ",,
1705102000,Calintaan,175102000,Mun,,,1st,,"  30,190 ",,
1705103000,Looc,175103000,Mun,,,4th,,"  7,802 ",,
1705104000,Lubang,175104000,Mun,,,4th,,"  17,437 ",,
1705105000,Magsaysay,175105000,Mun,,,1st,,"  39,767 ",,
1705106000,Mamburao ,175106000,Mun,,,1st,,"  47,705 ",,Capital
1705107000,Paluan,175107000,Mun,,,1st,,"  18,566 ",,
1705108000,Rizal,175108000,Mun,,,2nd,,"  40,429 ",,
1705109000,Sablayan,175109000,Mun,,,1st,,"  92,598 ",,
1705110000,San Jose,175110000,Mun,,,1st,,"  153,267 ",,
1705111000,Santa Cruz,175111000,Mun,,,1st,,"  42,417 ",,
1705200000,Oriental Mindoro,175200000,Prov,,,1st,,"  908,339 ",,
1705201000,Baco,175201000,Mun,,,1st,,"  39,817 ",,
1705202000,Bansud,175202000,Mun,,,1st,,"  42,671 ",,
1705203000,Bongabong,175203000,Mun,,,1st,,"  76,973 ",,
1705204000,Bulalacao,175204000,Mun,San Pedro,,1st,,"  44,366 ",,
1705205000,City of Calapan ,175205000,City,,CC,2nd,,"  145,786 ",,Capital
1705206000,Gloria,175206000,Mun,,,1st,,"  50,496 ",,
1705207000,Mansalay,175207000,Mun,,,1st,,"  59,114 ",,
1705208000,Naujan,175208000,Mun,,,1st,,"  109,587 ",,
1705209000,Pinamalayan,175209000,Mun,,,1st,,"  90,383 ",,
1705210000,Pola,175210000,Mun,,,2nd,,"  35,455 ",,
1705211000,Puerto Galera,175211000,Mun,,,1st,,"  41,961 ",,
1705212000,Roxas,175212000,Mun,,,1st,,"  58,849 ",,
1705213000,San Teodoro,175213000,Mun,,,2nd,,"  19,121 ",,
1705214000,Socorro,175214000,Mun,,,2nd,,"  41,585 ",,
1705215000,Victoria,175215000,Mun,,,1st,,"  52,175 ",,
1705300000,Palawan,175300000,Prov,,,1st,,"  939,594 ",(excluding CITY OF PUERTO PRINCESA) ,
1705301000,Aborlan,175301000,Mun,,,1st,,"  38,736 ",,
1705302000,Agutaya,175302000,Mun,,,5th,,"  12,867 ",,
1705303000,Araceli,175303000,Mun,,,3rd,,"  14,434 ",,
1705304000,Balabac,175304000,Mun,,,1st,,"  42,527 ",,
1705305000,Bataraza,175305000,Mun,,,1st,,"  85,439 ",,
1705306000,Brooke's Point,175306000,Mun,,,1st,,"  73,994 ",,
1705307000,Busuanga,175307000,Mun,,,1st,,"  25,617 ",,
1705308000,Cagayancillo,175308000,Mun,,,5th,,"  6,884 ",,
1705309000,Coron,175309000,Mun,,,1st,,"  65,855 ",,
1705310000,Cuyo,175310000,Mun,,,3rd,,"  23,489 ",,
1705311000,Dumaran,175311000,Mun,,,1st,,"  23,528 ",,
1705312000,El Nido,175312000,Mun,Bacuit,,1st,,"  50,494 ",,
1705313000,Linapacan,175313000,Mun,,,3rd,,"  16,424 ",,
1705314000,Magsaysay,175314000,Mun,,,4th,,"  12,603 ",,
1705315000,Narra,175315000,Mun,,,1st,,"  77,948 ",,
1705317000,Quezon,175317000,Mun,,,1st,,"  65,283 ",,
1705318000,Roxas,175318000,Mun,,,1st,,"  69,624 ",,
1705319000,San Vicente,175319000,Mun,,,1st,,"  33,507 ",,
1705320000,Taytay,175320000,Mun,,,1st,,"  83,357 ",,
1705321000,Kalayaan,175321000,Mun,,,4th,,  193 ,,
1705322000,Culion,175322000,Mun,,,1st,,"  23,213 ",,
1705323000,Dr. Jose P. Rizal,175323000,Mun,Marcos,,1st,,"  56,162 ",,
1705324000,Sofronio Española,175324000,Mun,,,1st,,"  37,416 ",,
1705900000,Romblon,175900000,Prov,,,2nd,,"  308,985 ",,
1705901000,Alcantara,175901000,Mun,,,4th,,"  17,171 ",,
1705902000,Banton,175902000,Mun,,,5th,,"  5,737 ",,
1705903000,Cajidiocan,175903000,Mun,,,3rd,,"  23,259 ",,
1705904000,Calatrava,175904000,Mun,,,4th,,"  11,342 ",,
1705905000,Concepcion,175905000,Mun,,,5th,,"  3,561 ",,
1705906000,Corcuera,175906000,Mun,,,5th,,"  10,112 ",,
1705907000,Looc,175907000,Mun,,,3rd,,"  21,799 ",,
1705908000,Magdiwang,175908000,Mun,,,4th,,"  15,385 ",,
1705909000,Odiongan,175909000,Mun,,,1st,,"  49,284 ",,
1705910000,Romblon ,175910000,Mun,,,2nd,,"  40,554 ",,Capital
1705911000,San Agustin,175911000,Mun,,,3rd,,"  24,115 ",,
1705912000,San Andres,175912000,Mun,,,4th,,"  15,940 ",,
1705913000,San Fernando,175913000,Mun,,,3rd,,"  24,171 ",,
1705914000,San Jose,175914000,Mun,,,5th,,"  11,759 ",,
1705915000,Santa Fe,175915000,Mun,,,4th,,"  17,802 ",,
1705916000,Ferrol,175916000,Mun,,,5th,,"  8,005 ",,
1705917000,Santa Maria,175917000,Mun,Imelda,,5th,,"  8,989 ",,
1731500000,City of Puerto Princesa ,175316000,City,,HUC,1st,,"  307,079 ",,Capital
0500000000,Region V (Bicol Region),050000000,Reg,,,,,"  6,082,165 ",,
0500500000,Albay,050500000,Prov,,,1st,,"  1,374,768 ",,
0500501000,Bacacay,050501000,Mun,,,1st,,"  72,485 ",,
0500502000,Camalig,050502000,Mun,,,1st,,"  72,042 ",,
0500503000,Daraga,050503000,Mun,Locsin,,1st,,"  133,893 ",,
0500504000,Guinobatan,050504000,Mun,,,1st,,"  85,786 ",,
0500505000,Jovellar,050505000,Mun,,,4th,,"  17,795 ",,
0500506000,City of Legazpi ,050506000,City,,CC,1st,,"  209,533 ",,Capital
0500507000,Libon,050507000,Mun,,,1st,,"  75,073 ",,
0500508000,City of Ligao,050508000,City,,CC,3rd,,"  118,096 ",,
0500509000,Malilipot,050509000,Mun,,,1st,,"  40,857 ",,
0500510000,Malinao,050510000,Mun,,,2nd,,"  47,395 ",,
0500511000,Manito,050511000,Mun,,,2nd,,"  26,162 ",,
0500512000,Oas,050512000,Mun,,,1st,,"  66,084 ",,
0500513000,Pio Duran,050513000,Mun,,,1st,,"  49,070 ",,
0500514000,Polangui,050514000,Mun,,,1st,,"  89,176 ",,
0500515000,Rapu-Rapu,050515000,Mun,,,2nd,,"  36,151 ",,
0500516000,Santo Domingo,050516000,Mun,Libog,,2nd,,"  37,765 ",,
0500517000,City of Tabaco,050517000,City,,CC,3rd,,"  140,961 ",,
0500518000,Tiwi,050518000,Mun,,,1st,,"  56,444 ",,
0501600000,Camarines Norte,051600000,Prov,,,1st,,"  629,699 ",,
0501601000,Basud,051601000,Mun,,,1st,,"  45,133 ",,
0501602000,Capalonga,051602000,Mun,,,1st,,"  36,223 ",,
0501603000,Daet ,051603000,Mun,,,1st,,"  111,700 ",,Capital
0501604000,San Lorenzo Ruiz,051604000,Mun,Imelda,,5th,,"  15,757 ",,
0501605000,Jose Panganiban,051605000,Mun,,,1st,,"  63,662 ",,
0501606000,Labo,051606000,Mun,,,1st,,"  109,245 ",,
0501607000,Mercedes,051607000,Mun,,,1st,,"  55,334 ",,
0501608000,Paracale,051608000,Mun,,,1st,,"  60,198 ",,
0501609000,San Vicente,051609000,Mun,,,4th,,"  12,579 ",,
0501610000,Santa Elena,051610000,Mun,,,1st,,"  43,582 ",,
0501611000,Talisay,051611000,Mun,,,4th,,"  27,244 ",,
0501612000,Vinzons,051612000,Mun,,,2nd,,"  49,042 ",,
0501700000,Camarines Sur,051700000,Prov,,,1st,,"  2,068,244 ",,
0501701000,Baao,051701000,Mun,,,1st,,"  61,493 ",,
0501702000,Balatan,051702000,Mun,,,3rd,,"  30,669 ",,
0501703000,Bato,051703000,Mun,,,2nd,,"  52,155 ",,
0501704000,Bombon,051704000,Mun,,,4th,,"  17,995 ",,
0501705000,Buhi,051705000,Mun,,,1st,,"  81,306 ",,
0501706000,Bula,051706000,Mun,,,1st,,"  73,143 ",,
0501707000,Cabusao,051707000,Mun,,,4th,,"  19,257 ",,
0501708000,Calabanga,051708000,Mun,,,1st,,"  88,906 ",,
0501709000,Camaligan,051709000,Mun,,,4th,,"  25,036 ",,
0501710000,Canaman,051710000,Mun,,,3rd,,"  36,205 ",,
0501711000,Caramoan,051711000,Mun,,,1st,,"  51,728 ",,
0501712000,Del Gallego,051712000,Mun,,,3rd,,"  26,403 ",,
0501713000,Gainza,051713000,Mun,,,5th,,"  11,584 ",,
0501714000,Garchitorena,051714000,Mun,,,2nd,,"  29,436 ",,
0501715000,Goa,051715000,Mun,,,1st,,"  71,368 ",,
0501716000,City of Iriga,051716000,City,,CC,3rd,,"  114,457 ",,
0501717000,Lagonoy,051717000,Mun,,,1st,,"  56,714 ",,
0501718000,Libmanan,051718000,Mun,,,1st,,"  112,994 ",,
0501719000,Lupi,051719000,Mun,,,2nd,,"  33,897 ",,
0501720000,Magarao,051720000,Mun,,,4th,,"  26,742 ",,
0501721000,Milaor,051721000,Mun,,,3rd,,"  33,963 ",,
0501722000,Minalabac,051722000,Mun,,,1st,,"  53,981 ",,
0501723000,Nabua,051723000,Mun,,,1st,,"  86,490 ",,
0501724000,City of Naga,051724000,City,,ICC,1st,,"  209,170 ",,
0501725000,Ocampo,051725000,Mun,,,2nd,,"  51,073 ",,
0501726000,Pamplona,051726000,Mun,,,3rd,,"  39,333 ",,
0501727000,Pasacao,051727000,Mun,,,1st,,"  53,461 ",,
0501728000,Pili ,051728000,Mun,,,1st,,"  99,196 ",,Capital
0501729000,Presentacion,051729000,Mun,Parubcan,,3rd,,"  22,591 ",,
0501730000,Ragay,051730000,Mun,,,1st,,"  59,770 ",,
0501731000,Sagñay,051731000,Mun,,,2nd,,"  36,841 ",,
0501732000,San Fernando,051732000,Mun,,,2nd,,"  38,626 ",,
0501733000,San Jose,051733000,Mun,,,3rd,,"  43,973 ",,
0501734000,Sipocot,051734000,Mun,,,1st,,"  68,169 ",,
0501735000,Siruma,051735000,Mun,,,4th,,"  19,419 ",,
0501736000,Tigaon,051736000,Mun,,,1st,,"  60,524 ",,
0501737000,Tinambac,051737000,Mun,,,1st,,"  70,176 ",,
0502000000,Catanduanes,052000000,Prov,,,2nd,,"  271,879 ",,
0502001000,Bagamanoc,052001000,Mun,,,4th,,"  11,086 ",,
0502002000,Baras,052002000,Mun,,,4th,,"  13,484 ",,
0502003000,Bato,052003000,Mun,,,4th,,"  21,748 ",,
0502004000,Caramoran,052004000,Mun,,,2nd,,"  32,114 ",,
0502005000,Gigmoto,052005000,Mun,,,4th,,"  8,712 ",,
0502006000,Pandan,052006000,Mun,,,4th,,"  21,473 ",,
0502007000,Panganiban,052007000,Mun,Payo,,4th,,"  9,713 ",,
0502008000,San Andres,052008000,Mun,Calolbon,,2nd,,"  38,480 ",,
0502009000,San Miguel,052009000,Mun,,,4th,,"  15,680 ",,
0502010000,Viga,052010000,Mun,,,3rd,,"  22,869 ",,
0502011000,Virac ,052011000,Mun,,,1st,,"  76,520 ",,Capital
0504100000,Masbate,054100000,Prov,,,1st,,"  908,920 ",,
0504101000,Aroroy,054101000,Mun,,,1st,,"  88,351 ",,
0504102000,Baleno,054102000,Mun,,,2nd,,"  28,855 ",,
0504103000,Balud,054103000,Mun,,,2nd,,"  40,155 ",,
0504104000,Batuan,054104000,Mun,,,4th,,"  14,610 ",,
0504105000,Cataingan,054105000,Mun,,,1st,,"  50,623 ",,
0504106000,Cawayan,054106000,Mun,,,1st,,"  69,265 ",,
0504107000,Claveria,054107000,Mun,,,1st,,"  42,142 ",,
0504108000,Dimasalang,054108000,Mun,,,3rd,,"  24,909 ",,
0504109000,Esperanza,054109000,Mun,,,4th,,"  17,534 ",,
0504110000,Mandaon,054110000,Mun,,,1st,,"  44,122 ",,
0504111000,City of Masbate ,054111000,City,,CC,3rd,,"  104,522 ",,Capital
0504112000,Milagros,054112000,Mun,,,1st,,"  57,538 ",,
0504113000,Mobo,054113000,Mun,,,2nd,,"  40,823 ",,
0504114000,Monreal,054114000,Mun,,,3rd,,"  25,164 ",,
0504115000,Palanas,054115000,Mun,,,3rd,,"  27,322 ",,
0504116000,Pio V. Corpus,054116000,Mun,Limbuhan,,4th,,"  23,744 ",,
0504117000,Placer,054117000,Mun,,,1st,,"  56,340 ",,
0504118000,San Fernando,054118000,Mun,,,4th,,"  21,600 ",,
0504119000,San Jacinto,054119000,Mun,,,3rd,,"  29,686 ",,
0504120000,San Pascual,054120000,Mun,,,1st,,"  44,449 ",,
0504121000,Uson,054121000,Mun,,,1st,,"  57,166 ",,
0506200000,Sorsogon,056200000,Prov,,,1st,,"  828,655 ",,
0506202000,Barcelona,056202000,Mun,,,4th,,"  20,987 ",,
0506203000,Bulan,056203000,Mun,,,1st,,"  105,190 ",,
0506204000,Bulusan,056204000,Mun,,,3rd,,"  23,932 ",,
0506205000,Casiguran,056205000,Mun,,,3rd,,"  35,602 ",,
0506206000,Castilla,056206000,Mun,,,1st,,"  60,635 ",,
0506207000,Donsol,056207000,Mun,,,1st,,"  50,281 ",,
0506208000,Gubat,056208000,Mun,,,1st,,"  60,294 ",,
0506209000,Irosin,056209000,Mun,,,1st,,"  59,267 ",,
0506210000,Juban,056210000,Mun,,,2nd,,"  35,297 ",,
0506211000,Magallanes,056211000,Mun,,,2nd,,"  37,411 ",,
0506212000,Matnog,056212000,Mun,,,1st,,"  41,989 ",,
0506213000,Pilar,056213000,Mun,,,1st,,"  75,793 ",,
0506214000,Prieto Diaz,056214000,Mun,,,4th,,"  22,644 ",,
0506215000,Santa Magdalena,056215000,Mun,,,4th,,"  17,096 ",,
0506216000,City of Sorsogon ,056216000,City,,CC,2nd,,"  182,237 ",,Capital
0600000000,Region VI (Western Visayas),060000000,Reg,,,,,"  7,954,723 ",43/,
0600400000,Aklan,060400000,Prov,,,1st,,"  615,475 ",,
0600401000,Altavas,060401000,Mun,,,3rd,,"  25,639 ",,
0600402000,Balete,060402000,Mun,,,3rd,,"  30,090 ",,
0600403000,Banga,060403000,Mun,,,2nd,,"  40,318 ",,
0600404000,Batan,060404000,Mun,,,3rd,,"  33,484 ",,
0600405000,Buruanga,060405000,Mun,,,4th,,"  19,357 ",,
0600406000,Ibajay,060406000,Mun,,,1st,,"  52,364 ",,
0600407000,Kalibo ,060407000,Mun,,,1st,,"  89,127 ",,Capital
0600408000,Lezo,060408000,Mun,,,4th,,"  15,639 ",,
0600409000,Libacao,060409000,Mun,,,2nd,,"  28,272 ",,
0600410000,Madalag,060410000,Mun,,,3rd,,"  18,890 ",,
0600411000,Makato,060411000,Mun,,,3rd,,"  29,717 ",,
0600412000,Malay,060412000,Mun,,,1st,,"  60,077 ",,
0600413000,Malinao,060413000,Mun,,,3rd,,"  24,517 ",,
0600414000,Nabas,060414000,Mun,,,2nd,,"  40,632 ",,
0600415000,New Washington,060415000,Mun,,,2nd,,"  47,955 ",,
0600416000,Numancia,060416000,Mun,,,3rd,,"  35,693 ",,
0600417000,Tangalan,060417000,Mun,,,4th,,"  23,704 ",,
0600600000,Antique,060600000,Prov,,,1st,,"  612,974 ",,
0600601000,Anini-Y,060601000,Mun,,,4th,,"  22,018 ",,
0600602000,Barbaza,060602000,Mun,,,3rd,,"  23,359 ",,
0600603000,Belison,060603000,Mun,,,5th,,"  14,129 ",,
0600604000,Bugasong,060604000,Mun,,,2nd,,"  34,676 ",,
0600605000,Caluya,060605000,Mun,,,1st,,"  38,908 ",,
0600606000,Culasi,060606000,Mun,,,1st,,"  44,494 ",,
0600607000,Tobias Fornier,060607000,Mun,Dao,,3rd,,"  33,816 ",,
0600608000,Hamtic,060608000,Mun,,,2nd,,"  52,685 ",,
0600609000,Laua-An,060609000,Mun,,,3rd,,"  26,580 ",,
0600610000,Libertad,060610000,Mun,,,4th,,"  17,507 ",,
0600611000,Pandan,060611000,Mun,,,2nd,,"  35,965 ",,
0600612000,Patnongon,060612000,Mun,,,2nd,,"  38,329 ",,
0600613000,San Jose ,060613000,Mun,,,1st,,"  65,140 ",,Capital
0600614000,San Remigio,060614000,Mun,,,1st,,"  34,045 ",,
0600615000,Sebaste,060615000,Mun,,,3rd,,"  18,816 ",,
0600616000,Sibalom,060616000,Mun,,,1st,,"  63,833 ",,
0600617000,Tibiao,060617000,Mun,,,2nd,,"  28,703 ",,
0600618000,Valderrama,060618000,Mun,,,2nd,,"  19,971 ",,
0601900000,Capiz,061900000,Prov,,,1st,,"  804,952 ",,
0601901000,Cuartero,061901000,Mun,,,3rd,,"  27,993 ",,
0601902000,Dao,061902000,Mun,,,3rd,,"  33,842 ",,
0601903000,Dumalag,061903000,Mun,,,3rd,,"  30,098 ",,
0601904000,Dumarao,061904000,Mun,,,1st,,"  49,506 ",,
0601905000,Ivisan,061905000,Mun,,,3rd,,"  31,278 ",,
0601906000,Jamindan,061906000,Mun,,,1st,,"  38,670 ",,
0601907000,Ma-Ayon,061907000,Mun,,,2nd,,"  41,226 ",,
0601908000,Mambusao,061908000,Mun,,,2nd,,"  40,690 ",,
0601909000,Panay,061909000,Mun,,,2nd,,"  48,890 ",,
0601910000,Panitan,061910000,Mun,,,2nd,,"  42,565 ",,
0601911000,Pilar,061911000,Mun,,,2nd,,"  47,100 ",,
0601912000,Pontevedra,061912000,Mun,,,1st,,"  49,725 ",,
0601913000,President Roxas,061913000,Mun,,,3rd,,"  31,269 ",,
0601914000,City of Roxas ,061914000,City,,CC,2nd,,"  179,292 ",,Capital
0601915000,Sapi-An,061915000,Mun,,,3rd,,"  26,697 ",,
0601916000,Sigma,061916000,Mun,,,3rd,,"  31,688 ",,
0601917000,Tapaz,061917000,Mun,,,1st,,"  54,423 ",,
0603000000,Iloilo,063000000,Prov,,,1st,,"  2,051,899 ",(excluding ILOILO CITY) ,
0603001000,Ajuy,063001000,Mun,,,1st,,"  53,462 ",,
0603002000,Alimodian,063002000,Mun,,,2nd,,"  39,722 ",,
0603003000,Anilao,063003000,Mun,,,3rd,,"  30,520 ",,
0603004000,Badiangan,063004000,Mun,,,4th,,"  27,056 ",,
0603005000,Balasan,063005000,Mun,,,2nd,,"  35,064 ",,
0603006000,Banate,063006000,Mun,,,2nd,,"  33,376 ",,
0603007000,Barotac Nuevo,063007000,Mun,,,1st,,"  58,176 ",,
0603008000,Barotac Viejo,063008000,Mun,,,1st,,"  48,614 ",,
0603009000,Batad,063009000,Mun,,,4th,,"  22,157 ",,
0603010000,Bingawan,063010000,Mun,,,4th,,"  16,164 ",,
0603012000,Cabatuan,063012000,Mun,,,1st,,"  61,110 ",,
0603013000,Calinog,063013000,Mun,,,1st,,"  62,853 ",,
0603014000,Carles,063014000,Mun,,,1st,,"  72,637 ",,
0603015000,Concepcion,063015000,Mun,,,1st,,"  44,633 ",,
0603016000,Dingle,063016000,Mun,,,1st,,"  45,965 ",,
0603017000,Dueñas,063017000,Mun,,,3rd,,"  34,597 ",,
0603018000,Dumangas,063018000,Mun,,,1st,,"  73,899 ",,
0603019000,Estancia,063019000,Mun,,,1st,,"  53,200 ",,
0603020000,Guimbal,063020000,Mun,,,3rd,,"  35,022 ",,
0603021000,Igbaras,063021000,Mun,,,2nd,,"  32,197 ",,
0603023000,Janiuay,063023000,Mun,,,1st,,"  66,786 ",,
0603025000,Lambunao,063025000,Mun,,,1st,,"  81,236 ",,
0603026000,Leganes,063026000,Mun,,,2nd,,"  34,725 ",,
0603027000,Lemery,063027000,Mun,,,3rd,,"  31,414 ",,
0603028000,Leon,063028000,Mun,,,1st,,"  51,990 ",,
0603029000,Maasin,063029000,Mun,,,2nd,,"  38,461 ",,
0603030000,Miagao,063030000,Mun,,,1st,,"  68,115 ",,
0603031000,Mina,063031000,Mun,,,4th,,"  24,042 ",,
0603032000,New Lucena,063032000,Mun,,,4th,,"  24,314 ",,
0603034000,Oton,063034000,Mun,,,1st,,"  98,509 ",,
0603035000,City of Passi,063035000,City,,CC,3rd,,"  88,873 ",,
0603036000,Pavia,063036000,Mun,,,1st,,"  70,388 ",,
0603037000,Pototan,063037000,Mun,,,1st,,"  78,298 ",,
0603038000,San Dionisio,063038000,Mun,,,2nd,,"  39,048 ",,
0603039000,San Enrique,063039000,Mun,,,2nd,,"  36,911 ",,
0603040000,San Joaquin,063040000,Mun,,,1st,,"  52,617 ",,
0603041000,San Miguel,063041000,Mun,,,3rd,,"  30,115 ",,
0603042000,San Rafael,063042000,Mun,,,4th,,"  17,795 ",,
0603043000,Santa Barbara,063043000,Mun,,,1st,,"  67,630 ",,
0603044000,Sara,063044000,Mun,,,1st,,"  54,637 ",,
0603045000,Tigbauan,063045000,Mun,,,1st,,"  65,245 ",,
0603046000,Tubungan,063046000,Mun,,,4th,,"  23,021 ",,
0603047000,Zarraga,063047000,Mun,,,3rd,,"  27,305 ",,
0607900000,Guimaras,067900000,Prov,,,2nd,,"  187,842 ",,
0607901000,Buenavista,067901000,Mun,,,1st,,"  52,899 ",,
0607902000,Jordan ,067902000,Mun,,,2nd,,"  39,566 ",,Capital
0607903000,Nueva Valencia,067903000,Mun,,,2nd,,"  42,771 ",,
0607904000,San Lorenzo,067904000,Mun,,,3rd,,"  29,444 ",,
0607905000,Sibunag,067905000,Mun,,,3rd,,"  23,162 ",,
0631000000,City of Iloilo ,063022000,City,,HUC,1st,,"  457,626 ",,Capital
1800000000,Negros Island Region (NIR),,Reg,,,,,"  4,760,340 ",42/,
1804500000,Negros Occidental,064500000,Prov,,,1st,,"  2,623,172 ",(excluding CITY OF BACOLOD) ,
1804502000,City of Bago,064502000,City,,CC,1st,,"  191,210 ",,
1804503000,Binalbagan,064503000,Mun,,,1st,,"  71,407 ",,
1804504000,City of Cadiz,064504000,City,,CC,1st,,"  158,544 ",,
1804505000,Calatrava,064505000,Mun,,,1st,,"  82,540 ",,
1804506000,Candoni,064506000,Mun,,,3rd,,"  23,751 ",,
1804507000,Cauayan,064507000,Mun,,,1st,,"  108,480 ",,
1804508000,Enrique B. Magalona,064508000,Mun,Saravia,,1st,,"  64,290 ",,
1804509000,City of Escalante,064509000,City,,CC,3rd,,"  96,159 ",,
1804510000,City of Himamaylan,064510000,City,,CC,2nd,,"  116,240 ",,
1804511000,Hinigaran,064511000,Mun,,,1st,,"  88,909 ",,
1804512000,Hinoba-an,064512000,Mun,Asia,,1st,,"  60,865 ",,
1804513000,Ilog,064513000,Mun,,,1st,,"  59,855 ",,
1804514000,Isabela,064514000,Mun,,,1st,,"  64,516 ",,
1804515000,City of Kabankalan,064515000,City,,CC,1st,,"  200,198 ",,
1804516000,City of La Carlota,064516000,City,,CC,4th,,"  66,664 ",,
1804517000,La Castellana,064517000,Mun,,,1st,,"  79,492 ",,
1804518000,Manapla,064518000,Mun,,,1st,,"  55,083 ",,
1804519000,Moises Padilla,064519000,Mun,Magallon,,2nd,,"  43,462 ",,
1804520000,Murcia,064520000,Mun,,,1st,,"  88,868 ",,
1804521000,Pontevedra,064521000,Mun,,,1st,,"  54,502 ",,
1804522000,Pulupandan,064522000,Mun,,,3rd,,"  30,117 ",,
1804523000,City of Sagay,064523000,City,,CC,2nd,,"  148,894 ",,
1804524000,City of San Carlos,064524000,City,,CC,1st,,"  132,650 ",,
1804525000,San Enrique,064525000,Mun,,,4th,,"  24,177 ",,
1804526000,City of Silay,064526000,City,,CC,3rd,,"  130,478 ",,
1804527000,City of Sipalay,064527000,City,,CC,3rd,,"  72,448 ",,
1804528000,City of Talisay,064528000,City,,CC,3rd,,"  108,909 ",,
1804529000,Toboso,064529000,Mun,,,2nd,,"  43,445 ",,
1804530000,Valladolid,064530000,Mun,,,2nd,,"  39,996 ",,
1804531000,City of Victorias,064531000,City,,CC,4th,,"  90,101 ",,
1804532000,Salvador Benedicto,064532000,Mun,,,3rd,,"  26,922 ",,
1804600000,Negros Oriental,074600000,Prov,,,1st,,"  1,432,990 ",,
1804601000,Amlan,074601000,Mun,Ayuquitan,,3rd,,"  25,513 ",,
1804602000,Ayungon,074602000,Mun,,,1st,,"  47,102 ",,
1804603000,Bacong,074603000,Mun,,,2nd,,"  41,207 ",,
1804604000,City of Bais,074604000,City,,CC,3rd,,"  84,317 ",,
1804605000,Basay,074605000,Mun,,,3rd,,"  28,531 ",,
1804606000,City of Bayawan,074606000,City,Tulong,CC,1st,,"  122,747 ",,
1804607000,Bindoy,074607000,Mun,Payabon,,2nd,,"  40,308 ",,
1804608000,City of Canlaon,074608000,City,,CC,4th,,"  58,822 ",,
1804609000,Dauin,074609000,Mun,,,2nd,,"  30,018 ",,
1804610000,City of Dumaguete ,074610000,City,,CC,2nd,,"  134,103 ",,Capital
1804611000,City of Guihulngan,074611000,City,,CC,2nd,,"  102,656 ",,
1804612000,Jimalalud,074612000,Mun,,,3rd,,"  32,256 ",,
1804613000,La Libertad,074613000,Mun,,,2nd,,"  41,089 ",,
1804614000,Mabinay,074614000,Mun,,,1st,,"  82,953 ",,
1804615000,Manjuyod,074615000,Mun,,,1st,,"  44,799 ",,
1804616000,Pamplona,074616000,Mun,,,2nd,,"  39,805 ",,
1804617000,San Jose,074617000,Mun,,,4th,,"  21,956 ",,
1804618000,Santa Catalina,074618000,Mun,,,1st,,"  77,501 ",,
1804619000,Siaton,074619000,Mun,,,1st,,"  83,082 ",,
1804620000,Sibulan,074620000,Mun,,,1st,,"  64,343 ",,
1804621000,City of Tanjay,074621000,City,,CC,3rd,,"  82,642 ",,
1804622000,Tayasan,074622000,Mun,,,2nd,,"  38,159 ",,
1804623000,Valencia,074623000,Mun,Luzurriaga,,1st,,"  38,733 ",,
1804624000,Vallehermoso,074624000,Mun,,,2nd,,"  40,779 ",,
1804625000,Zamboanguita,074625000,Mun,,,3rd,,"  29,569 ",,
1806100000,Siquijor,076100000,Prov,,,3rd,,"  103,395 ",,
1806101000,Enrique Villanueva,076101000,Mun,,,5th,,"  6,790 ",,
1806102000,Larena,076102000,Mun,,,4th,,"  14,454 ",,
1806103000,Lazi,076103000,Mun,,,4th,,"  22,488 ",,
1806104000,Maria,076104000,Mun,,,4th,,"  14,385 ",,
1806105000,San Juan,076105000,Mun,,,4th,,"  16,363 ",,
1806106000,Siquijor ,076106000,Mun,,,3rd,,"  28,915 ",,Capital
1830200000,City of Bacolod ,064501000,City,,HUC,1st,,"  600,783 ",,Capital
0700000000,Region VII (Central Visayas),070000000,Reg,,,,,"  8,081,988 ",44/,
0701200000,Bohol,071200000,Prov,,,1st,,"  1,394,329 ",,
0701201000,Alburquerque,071201000,Mun,,,4th,,"  11,246 ",,
0701202000,Alicia,071202000,Mun,,,3rd,,"  24,374 ",,
0701203000,Anda,071203000,Mun,,,4th,,"  17,778 ",,
0701204000,Antequera,071204000,Mun,,,4th,,"  14,990 ",,
0701205000,Baclayon,071205000,Mun,,,4th,,"  22,461 ",,
0701206000,Balilihan,071206000,Mun,,,3rd,,"  18,694 ",,
0701207000,Batuan,071207000,Mun,,,4th,,"  13,845 ",,
0701208000,Bilar,071208000,Mun,,,4th,,"  18,512 ",,
0701209000,Buenavista,071209000,Mun,,,1st,,"  29,711 ",,
0701210000,Calape,071210000,Mun,,,2nd,,"  33,079 ",,
0701211000,Candijay,071211000,Mun,,,3rd,,"  30,119 ",,
0701212000,Carmen,071212000,Mun,,,1st,,"  49,191 ",,
0701213000,Catigbian,071213000,Mun,,,3rd,,"  23,805 ",,
0701214000,Clarin,071214000,Mun,,,4th,,"  21,158 ",,
0701215000,Corella,071215000,Mun,,,4th,,"  9,479 ",,
0701216000,Cortes,071216000,Mun,,,4th,,"  18,344 ",,
0701217000,Dagohoy,071217000,Mun,,,4th,,"  19,874 ",,
0701218000,Danao,071218000,Mun,,,3rd,,"  20,245 ",,
0701219000,Dauis,071219000,Mun,,,1st,,"  52,492 ",,
0701220000,Dimiao,071220000,Mun,,,4th,,"  14,889 ",,
0701221000,Duero,071221000,Mun,,,4th,,"  18,861 ",,
0701222000,Garcia Hernandez,071222000,Mun,,,3rd,,"  24,430 ",,
0701223000,Guindulman,071223000,Mun,,,2nd,,"  34,104 ",,
0701224000,Inabanga,071224000,Mun,,,1st,,"  48,534 ",,
0701225000,Jagna,071225000,Mun,,,2nd,,"  35,832 ",,
0701226000,Getafe,071226000,Mun,,,2nd,,"  33,422 ",,
0701227000,Lila,071227000,Mun,,,4th,,"  12,240 ",,
0701228000,Loay,071228000,Mun,,,4th,,"  17,855 ",,
0701229000,Loboc,071229000,Mun,,,3rd,,"  17,418 ",,
0701230000,Loon,071230000,Mun,,,1st,,"  44,224 ",,
0701231000,Mabini,071231000,Mun,,,3rd,,"  28,701 ",,
0701232000,Maribojoc,071232000,Mun,,,3rd,,"  22,178 ",,
0701233000,Panglao,071233000,Mun,,,1st,,"  39,839 ",,
0701234000,Pilar,071234000,Mun,,,3rd,,"  28,693 ",,
0701235000,President Carlos P. Garcia,071235000,Mun,Pitogo,,3rd,,"  23,625 ",,
0701236000,Sagbayan,071236000,Mun,Borja,,3rd,,"  24,335 ",,
0701237000,San Isidro,071237000,Mun,,,5th,,"  9,909 ",,
0701238000,San Miguel,071238000,Mun,,,2nd,,"  25,356 ",,
0701239000,Sevilla,071239000,Mun,,,4th,,"  11,376 ",,
0701240000,Sierra Bullones,071240000,Mun,,,2nd,,"  26,095 ",,
0701241000,Sikatuna,071241000,Mun,,,5th,,"  6,906 ",,
0701242000,City of Tagbilaran ,071242000,City,,CC,2nd,,"  104,976 ",,Capital
0701243000,Talibon,071243000,Mun,,,1st,,"  71,272 ",,
0701244000,Trinidad,071244000,Mun,,,1st,,"  35,119 ",,
0701245000,Tubigon,071245000,Mun,,,1st,,"  47,886 ",,
0701246000,Ubay,071246000,Mun,,,1st,,"  81,799 ",,
0701247000,Valencia,071247000,Mun,,,3rd,,"  28,392 ",,
0701248000,Bien Unido,071248000,Mun,,,4th,,"  26,666 ",,
0702200000,Cebu,072200000,Prov,,,1st,,"  3,325,385 ","(excluding the cities of CEBU, LAPU-LAPU, AND MANDAUE) ",
0702201000,Alcantara,072201000,Mun,,,4th,,"  16,910 ",,
0702202000,Alcoy,072202000,Mun,,,4th,,"  19,186 ",,
0702203000,Alegria,072203000,Mun,,,3rd,,"  25,620 ",,
0702204000,Aloguinsan,072204000,Mun,,,3rd,,"  34,466 ",,
0702205000,Argao,072205000,Mun,,,1st,,"  78,187 ",,
0702206000,Asturias,072206000,Mun,,,1st,,"  55,397 ",,
0702207000,Badian,072207000,Mun,,,1st,,"  43,735 ",,
0702208000,Balamban,072208000,Mun,,,1st,,"  95,136 ",,
0702209000,Bantayan,072209000,Mun,,,1st,,"  86,247 ",,
0702210000,Barili,072210000,Mun,,,1st,,"  80,715 ",,
0702211000,City of Bogo,072211000,City,,CC,4th,,"  88,867 ",,
0702212000,Boljoon,072212000,Mun,,,4th,,"  17,525 ",,
0702213000,Borbon,072213000,Mun,,,2nd,,"  38,187 ",,
0702214000,City of Carcar,072214000,City,,CC,3rd,,"  136,453 ",,
0702215000,Carmen,072215000,Mun,,,1st,,"  57,897 ",,
0702216000,Catmon,072216000,Mun,,,2nd,,"  33,745 ",,
0702218000,Compostela,072218000,Mun,,,1st,,"  55,874 ",,
0702219000,Consolacion,072219000,Mun,,,1st,,"  148,012 ",,
0702220000,Cordova,072220000,Mun,,,1st,,"  70,595 ",,
0702221000,Daanbantayan,072221000,Mun,,,1st,,"  93,502 ",,
0702222000,Dalaguete,072222000,Mun,,,1st,,"  74,596 ",,
0702223000,Danao City,072223000,City,,CC,2nd,,"  156,321 ",,
0702224000,Dumanjug,072224000,Mun,,,1st,,"  57,823 ",,
0702225000,Ginatilan,072225000,Mun,,,4th,,"  16,906 ",,
0702227000,Liloan,072227000,Mun,,,1st,,"  153,197 ",,
0702228000,Madridejos,072228000,Mun,,,1st,,"  42,039 ",,
0702229000,Malabuyoc,072229000,Mun,,,4th,,"  19,770 ",,
0702231000,Medellin,072231000,Mun,,,1st,,"  59,605 ",,
0702232000,Minglanilla,072232000,Mun,,,1st,,"  151,002 ",,
0702233000,Moalboal,072233000,Mun,,,1st,,"  36,930 ",,
0702234000,City of Naga,072234000,City,,CC,3rd,,"  133,184 ",,
0702235000,Oslob,072235000,Mun,,,1st,,"  29,264 ",,
0702236000,Pilar,072236000,Mun,,,5th,,"  12,506 ",,
0702237000,Pinamungajan,072237000,Mun,,,1st,,"  75,131 ",,
0702238000,Poro,072238000,Mun,,,3rd,,"  26,232 ",,
0702239000,Ronda,072239000,Mun,,,4th,,"  21,005 ",,
0702240000,Samboan,072240000,Mun,,,4th,,"  20,373 ",,
0702241000,San Fernando,072241000,Mun,,,1st,,"  72,224 ",,
0702242000,San Francisco,072242000,Mun,,,1st,,"  59,236 ",,
0702243000,San Remigio,072243000,Mun,,,1st,,"  65,744 ",,
0702244000,Santa Fe,072244000,Mun,,,3rd,,"  34,471 ",,
0702245000,Santander,072245000,Mun,,,4th,,"  18,527 ",,
0702246000,Sibonga,072246000,Mun,,,1st,,"  53,424 ",,
0702247000,Sogod,072247000,Mun,,,2nd,,"  39,447 ",,
0702248000,Tabogon,072248000,Mun,,,2nd,,"  41,432 ",,
0702249000,Tabuelan,072249000,Mun,,,2nd,,"  28,907 ",,
0702250000,City of Talisay,072250000,City,,CC,1st,,"  263,048 ",,
0702251000,City of Toledo,072251000,City,,CC,1st,,"  207,314 ",,
0702252000,Tuburan,072252000,Mun,,,1st,,"  68,167 ",,
0702253000,Tudela,072253000,Mun,,,4th,,"  11,304 ",,
0730600000,City of Cebu ,072217000,City,,HUC,1st,,"  964,169 ",,Capital
0731100000,City of Lapu-Lapu,072226000,City,Opon,HUC,1st,,"  497,604 ",,
0731300000,City of Mandaue,072230000,City,,HUC,1st,,"  364,116 ",,
0800000000,Region VIII (Eastern Visayas),080000000,Reg,,,,,"  4,547,150 ",,
0802600000,Eastern Samar,082600000,Prov,,,1st,,"  477,168 ",,
0802601000,Arteche,082601000,Mun,,,4th*,,"  16,360 ",,
0802602000,Balangiga,082602000,Mun,,,3rd,,"  14,341 ",,
0802603000,Balangkayan,082603000,Mun,,,4th,,"  10,185 ",,
0802604000,City of Borongan ,082604000,City,,CC,2nd,,"  71,961 ",,Capital
0802605000,Can-Avid,082605000,Mun,,,2nd,,"  21,682 ",,
0802606000,Dolores,082606000,Mun,,,1st,,"  44,626 ",,
0802607000,General Macarthur,082607000,Mun,,,4th,,"  14,411 ",,
0802608000,Giporlos,082608000,Mun,,,4th,,"  13,117 ",,
0802609000,Guiuan,082609000,Mun,,,1st,,"  53,361 ",,
0802610000,Hernani,082610000,Mun,,,5th,,"  8,531 ",,
0802611000,Jipapad,082611000,Mun,,,4th,,"  8,439 ",,
0802612000,Lawaan,082612000,Mun,,,4th,,"  13,003 ",,
0802613000,Llorente,082613000,Mun,,,1st,,"  21,459 ",,
0802614000,Maslog,082614000,Mun,,,4th,,"  5,463 ",,
0802615000,Maydolong,082615000,Mun,,,2nd,,"  15,314 ",,
0802616000,Mercedes,082616000,Mun,,,5th,,"  6,112 ",,
0802617000,Oras,082617000,Mun,,,2nd,,"  37,451 ",,
0802618000,Quinapondan,082618000,Mun,,,4th,,"  14,507 ",,
0802619000,Salcedo,082619000,Mun,,,3rd,,"  22,136 ",,
0802620000,San Julian,082620000,Mun,,,4th,,"  14,800 ",,
0802621000,San Policarpo,082621000,Mun,,,4th,,"  15,365 ",,
0802622000,Sulat,082622000,Mun,,,4th,,"  15,758 ",,
0802623000,Taft,082623000,Mun,,,3rd,,"  18,786 ",,
0803700000,Leyte,083700000,Prov,,,1st,,"  1,776,847 ",(excluding CITY OF TACLOBAN) ,
0803701000,Abuyog,083701000,Mun,,,1st,,"  61,216 ",,
0803702000,Alangalang,083702000,Mun,,,1st,,"  57,185 ",,
0803703000,Albuera,083703000,Mun,,,1st,,"  47,151 ",,
0803705000,Babatngon,083705000,Mun,,,3rd,,"  28,823 ",,
0803706000,Barugo,083706000,Mun,,,3rd,,"  34,497 ",,
0803707000,Bato,083707000,Mun,,,2nd,,"  38,505 ",,
0803708000,City of Baybay,083708000,City,,CC,1st,,"  111,848 ",,
0803710000,Burauen,083710000,Mun,,,1st,,"  52,511 ",,
0803713000,Calubian,083713000,Mun,,,3rd,,"  31,646 ",,
0803714000,Capoocan,083714000,Mun,,,2nd,,"  33,721 ",,
0803715000,Carigara,083715000,Mun,,,1st,,"  54,656 ",,
0803717000,Dagami,083717000,Mun,,,2nd,,"  36,178 ",,
0803718000,Dulag,083718000,Mun,,,2nd,,"  48,992 ",,
0803719000,Hilongos,083719000,Mun,,,1st,,"  64,514 ",,
0803720000,Hindang,083720000,Mun,,,4th,,"  20,849 ",,
0803721000,Inopacan,083721000,Mun,,,4th,,"  21,389 ",,
0803722000,Isabel,083722000,Mun,,,1st,,"  46,781 ",,
0803723000,Jaro,083723000,Mun,,,1st,,"  43,758 ",,
0803724000,Javier,083724000,Mun,Bugho,,3rd,,"  26,658 ",,
0803725000,Julita,083725000,Mun,,,4th,,"  15,598 ",,
0803726000,Kananga,083726000,Mun,,,1st,,"  59,696 ",,
0803728000,La Paz,083728000,Mun,,,4th,,"  19,174 ",,
0803729000,Leyte,083729000,Mun,,,2nd,,"  40,397 ",,
0803730000,Macarthur,083730000,Mun,,,4th,,"  21,578 ",,
0803731000,Mahaplag,083731000,Mun,,,3rd,,"  27,865 ",,
0803733000,Matag-Ob,083733000,Mun,,,4th,,"  17,522 ",,
0803734000,Matalom,083734000,Mun,,,2nd,,"  32,586 ",,
0803735000,Mayorga,083735000,Mun,,,4th,,"  18,071 ",,
0803736000,Merida,083736000,Mun,,,3rd,,"  31,574 ",,
0803738000,Ormoc City,083738000,City,,ICC,1st,,"  230,998 ",,
0803739000,Palo,083739000,Mun,,,1st,,"  76,213 ",,
0803740000,Palompon,083740000,Mun,,,1st,,"  58,313 ",,
0803741000,Pastrana,083741000,Mun,,,4th,,"  19,359 ",,
0803742000,San Isidro,083742000,Mun,,,3rd,,"  30,722 ",,
0803743000,San Miguel,083743000,Mun,,,3rd,,"  19,753 ",,
0803744000,Santa Fe,083744000,Mun,,,4th,,"  22,102 ",,
0803745000,Tabango,083745000,Mun,,,3rd,,"  33,868 ",,
0803746000,Tabontabon,083746000,Mun,,,5th,,"  11,902 ",,
0803748000,Tanauan,083748000,Mun,,,1st,,"  57,455 ",,
0803749000,Tolosa,083749000,Mun,,,4th,,"  20,708 ",,
0803750000,Tunga,083750000,Mun,,,5th,,"  7,656 ",,
0803751000,Villaba,083751000,Mun,,,2nd,,"  42,859 ",,
0804800000,Northern Samar,084800000,Prov,,,1st,,"  639,186 ",,
0804801000,Allen,084801000,Mun,,,4th,,"  25,228 ",,
0804802000,Biri,084802000,Mun,,,5th,,"  11,274 ",,
0804803000,Bobon,084803000,Mun,,,3rd,,"  25,964 ",,
0804804000,Capul,084804000,Mun,,,5th,,"  12,323 ",,
0804805000,Catarman ,084805000,Mun,,,1st,,"  97,879 ",,Capital
0804806000,Catubig,084806000,Mun,,,2nd,,"  32,174 ",,
0804807000,Gamay,084807000,Mun,,,3rd,,"  23,367 ",,
0804808000,Laoang,084808000,Mun,,,1st,,"  60,607 ",,
0804809000,Lapinig,084809000,Mun,,,5th,,"  11,844 ",,
0804810000,Las Navas,084810000,Mun,,,2nd,,"  36,621 ",,
0804811000,Lavezares,084811000,Mun,,,3rd,,"  29,390 ",,
0804812000,Mapanas,084812000,Mun,,,4th,,"  14,234 ",,
0804813000,Mondragon,084813000,Mun,,,1st,,"  41,415 ",,
0804814000,Palapag,084814000,Mun,,,2nd,,"  34,034 ",,
0804815000,Pambujan,084815000,Mun,,,2nd,,"  35,532 ",,
0804816000,Rosario,084816000,Mun,,,5th,,"  10,949 ",,
0804817000,San Antonio,084817000,Mun,,,5th,,"  8,882 ",,
0804818000,San Isidro,084818000,Mun,,,2nd,,"  27,867 ",,
0804819000,San Jose,084819000,Mun,,,4th,,"  17,641 ",,
0804820000,San Roque,084820000,Mun,,,3rd,,"  29,882 ",,
0804821000,San Vicente,084821000,Mun,,,5th,,"  6,928 ",,
0804822000,Silvino Lobos,084822000,Mun,,,3rd,,"  15,100 ",,
0804823000,Victoria,084823000,Mun,,,4th,,"  15,361 ",,
0804824000,Lope De Vega,084824000,Mun,,,3rd,,"  14,690 ",,
0806000000,Samar,086000000,Prov,Western Samar,,1st,,"  793,183 ",,
0806001000,Almagro,086001000,Mun,,,5th,,"  9,273 ",,
0806002000,Basey,086002000,Mun,,,1st,,"  56,685 ",,
0806003000,City of Calbayog,086003000,City,,CC,1st,,"  186,960 ",,
0806004000,Calbiga,086004000,Mun,,,2nd,,"  23,310 ",,
0806005000,City of Catbalogan ,086005000,City,,CC,3rd,,"  106,440 ",,Capital
0806006000,Daram,086006000,Mun,,,2nd,,"  41,608 ",,
0806007000,Gandara,086007000,Mun,,,1st,,"  35,242 ",,
0806008000,Hinabangan,086008000,Mun,,,2nd,,"  13,693 ",,
0806009000,Jiabong,086009000,Mun,,,4th,,"  19,205 ",,
0806010000,Marabut,086010000,Mun,,,4th,,"  17,842 ",,
0806011000,Matuguinao,086011000,Mun,,,4th,,"  7,364 ",,
0806012000,Motiong,086012000,Mun,,,4th,,"  15,276 ",,
0806013000,Pinabacdao,086013000,Mun,,,3rd,,"  18,136 ",,
0806014000,San Jose De Buan,086014000,Mun,,,3rd,,"  7,767 ",,
0806015000,San Sebastian,086015000,Mun,,,5th,,"  8,704 ",,
0806016000,Santa Margarita,086016000,Mun,,,3rd,,"  26,816 ",,
0806017000,Santa Rita,086017000,Mun,,,1st,,"  42,384 ",,
0806018000,Santo Niño,086018000,Mun,,,5th,,"  12,519 ",,
0806019000,Talalora,086019000,Mun,,,5th,,"  7,856 ",,
0806020000,Tarangnan,086020000,Mun,,,3rd,,"  25,713 ",,
0806021000,Villareal,086021000,Mun,,,3rd,,"  27,394 ",,
0806022000,Paranas,086022000,Mun,Wright,,1st,,"  32,374 ",,
0806023000,Zumarraga,086023000,Mun,,,4th,,"  16,279 ",,
0806024000,Tagapul-An,086024000,Mun,,,5th,,"  8,805 ",,
0806025000,San Jorge,086025000,Mun,,,3rd,,"  17,579 ",,
0806026000,Pagsanghan,086026000,Mun,,,5th,,"  7,959 ",,
0806400000,Southern Leyte,086400000,Prov,,,1st,,"  429,573 ",,
0806401000,Anahawan,086401000,Mun,,,5th,,"  8,429 ",,
0806402000,Bontoc,086402000,Mun,,,3rd,,"  29,799 ",,
0806403000,Hinunangan,086403000,Mun,,,2nd,,"  29,149 ",,
0806404000,Hinundayan,086404000,Mun,,,4th,,"  12,398 ",,
0806405000,Libagon,086405000,Mun,,,4th,,"  15,244 ",,
0806406000,Liloan,086406000,Mun,,,3rd,,"  24,800 ",,
0806407000,City of Maasin ,086407000,City,,CC,3rd,,"  87,446 ",,Capital
0806408000,Macrohon,086408000,Mun,,,3rd,,"  26,580 ",,
0806409000,Malitbog,086409000,Mun,,,4th,,"  23,256 ",,
0806410000,Padre Burgos,086410000,Mun,,,5th,,"  11,159 ",,
0806411000,Pintuyan,086411000,Mun,,,5th,,"  10,202 ",,
0806412000,Saint Bernard,086412000,Mun,,,3rd,,"  28,414 ",,
0806413000,San Francisco,086413000,Mun,,,4th,,"  13,436 ",,
0806414000,San Juan,086414000,Mun,Cabalian,,4th,,"  14,912 ",,
0806415000,San Ricardo,086415000,Mun,,,5th,,"  10,500 ",,
0806416000,Silago,086416000,Mun,,,4th,,"  13,116 ",,
0806417000,Sogod,086417000,Mun,,,1st,,"  47,552 ",,
0806418000,Tomas Oppus,086418000,Mun,,,4th,,"  16,990 ",,
0806419000,Limasawa,086419000,Mun,,,5th,,"  6,191 ",,
0807800000,Biliran,087800000,Prov,,,2nd,,"  179,312 ",,
0807801000,Almeria,087801000,Mun,,,4th,,"  17,954 ",,
0807802000,Biliran,087802000,Mun,,,4th,,"  17,662 ",,
0807803000,Cabucgayan,087803000,Mun,,,4th,,"  21,542 ",,
0807804000,Caibiran,087804000,Mun,,,4th,,"  24,167 ",,
0807805000,Culaba,087805000,Mun,,,4th,,"  12,972 ",,
0807806000,Kawayan,087806000,Mun,,,4th,,"  20,455 ",,
0807807000,Maripipi,087807000,Mun,,,5th,,"  6,373 ",,
0807808000,Naval ,087808000,Mun,,,1st,,"  58,187 ",,Capital
0831600000,City of Tacloban ,083747000,City,,HUC,1st,,"  251,881 ",,Capital
0900000000,Region IX (Zamboanga Peninsula),090000000,Reg,,,,,"  4,875,684 ",59/,
0906600000,Sulu,156600000,Prov,,,1st,,"  1,000,108 ",,
0906601000,Indanan,156601000,Mun,,,1st,,"  93,168 ",,
0906602000,Jolo ,156602000,Mun,,,1st,,"  137,266 ",,Capital
0906603000,Kalingalan Caluang,156603000,Mun,,,3rd,,"  39,549 ",,
0906604000,Luuk,156604000,Mun,,,3rd,,"  37,873 ",,
0906605000,Maimbung,156605000,Mun,,,2nd,,"  59,597 ",,
0906606000,Hadji Panglima Tahil,156606000,Mun,Marunggas,,5th,,"  7,906 ",,
0906607000,Old Panamao,156607000,Mun,,,2nd,,"  49,849 ",,
0906608000,Pangutaran,156608000,Mun,,,2nd,,"  36,374 ",,
0906609000,Parang,156609000,Mun,,,1st,,"  71,495 ",,
0906610000,Pata,156610000,Mun,,,4th,,"  24,736 ",,
0906611000,Patikul,156611000,Mun,,,1st,,"  79,564 ",,
0906612000,Siasi,156612000,Mun,,,1st,,"  81,689 ",,
0906613000,Talipao,156613000,Mun,,,1st,,"  100,088 ",,
0906614000,Tapul,156614000,Mun,,,4th,,"  20,799 ",,
0906615000,Tongkil,156615000,Mun,,,2nd,,"  35,616 ",,
0906616000,Panglima Estino,156616000,Mun,New Panamao,,3rd,,"  34,249 ",,
0906617000,Lugus,156617000,Mun,,,4th,,"  29,043 ",,
0906618000,Pandami,156618000,Mun,,,3rd,,"  33,177 ",,
0906619000,Omar,156619000,Mun,,,4th,,"  28,070 ",,
0907200000,Zamboanga del Norte,097200000,Prov,,,1st,,"  1,047,455 ",,
0907201000,City of Dapitan,097201000,City,,CC,2nd,,"  85,202 ",,
0907202000,City of Dipolog ,097202000,City,,CC,2nd,,"  138,141 ",,Capital
0907203000,Katipunan,097203000,Mun,,,1st,,"  44,661 ",,
0907204000,La Libertad,097204000,Mun,,,5th,,"  8,119 ",,
0907205000,Labason,097205000,Mun,,,2nd,,"  43,934 ",,
0907206000,Liloy,097206000,Mun,,,2nd,,"  42,213 ",,
0907207000,Manukan,097207000,Mun,,,1st,,"  36,887 ",,
0907208000,Mutia,097208000,Mun,,,4th,,"  11,726 ",,
0907209000,Piñan,097209000,Mun,New Piñan,,3rd,,"  20,221 ",,
0907210000,Polanco,097210000,Mun,,,1st,,"  42,265 ",,
0907211000,Pres. Manuel A. Roxas,097211000,Mun,,,1st,,"  39,198 ",,
0907212000,Rizal,097212000,Mun,,,4th,,"  15,052 ",,
0907213000,Salug,097213000,Mun,,,2nd,,"  32,134 ",,
0907214000,Sergio Osmeña Sr.,097214000,Mun,,,1st,,"  31,942 ",,
0907215000,Siayan,097215000,Mun,,,1st,,"  36,236 ",,
0907216000,Sibuco,097216000,Mun,,,1st,,"  36,049 ",,
0907217000,Sibutad,097217000,Mun,,,4th,,"  17,453 ",,
0907218000,Sindangan,097218000,Mun,,,1st,,"  103,952 ",,
0907219000,Siocon,097219000,Mun,,,1st,,"  48,524 ",,
0907220000,Sirawai,097220000,Mun,,,2nd,,"  31,163 ",,
0907221000,Tampilisan,097221000,Mun,,,3rd,,"  24,680 ",,
0907222000,Jose Dalman,097222000,Mun,Ponot,,3rd,,"  28,881 ",,
0907223000,Gutalac,097223000,Mun,,,1st,,"  36,090 ",,
0907224000,Baliguian,097224000,Mun,,,1st,,"  23,771 ",,
0907225000,Godod,097225000,Mun,,,3rd,,"  17,510 ",,
0907226000,Leon T. Postigo,097226000,Mun,Bacungan,,2nd,,"  27,639 ",,
0907227000,Kalawit,097227000,Mun,,,3rd,,"  23,812 ",,
0907300000,Zamboanga del Sur,097300000,Prov,,,1st,,"  1,050,668 ",(excluding  CITY OF ZAMBOANGA) ,
0907302000,Aurora,097302000,Mun,,,1st,,"  52,995 ",,
0907303000,Bayog,097303000,Mun,,,1st,,"  34,519 ",,
0907305000,Dimataling,097305000,Mun,,,3rd,,"  31,340 ",,
0907306000,Dinas,097306000,Mun,,,2nd,,"  36,291 ",,
0907307000,Dumalinao,097307000,Mun,,,2nd,,"  32,928 ",,
0907308000,Dumingag,097308000,Mun,,,1st,,"  48,881 ",,
0907311000,Kumalarang,097311000,Mun,,,2nd,,"  29,479 ",,
0907312000,Labangan,097312000,Mun,,,2nd,,"  44,262 ",,
0907313000,Lapuyan,097313000,Mun,,,2nd,,"  27,737 ",,
0907315000,Mahayag,097315000,Mun,,,1st,,"  48,258 ",,
0907317000,Margosatubig,097317000,Mun,,,2nd,,"  38,660 ",,
0907318000,Midsalip,097318000,Mun,,,2nd,,"  33,711 ",,
0907319000,Molave,097319000,Mun,,,1st,,"  53,140 ",,
0907322000,City of Pagadian ,097322000,City,,CC,1st,,"  210,452 ",,Capital
0907323000,Ramon Magsaysay,097323000,Mun,Liargo,,3rd,,"  27,280 ",,
0907324000,San Miguel,097324000,Mun,,,3rd,,"  19,838 ",,
0907325000,San Pablo,097325000,Mun,,,3rd,,"  26,648 ",,
0907327000,Tabina,097327000,Mun,,,3rd,,"  25,734 ",,
0907328000,Tambulig,097328000,Mun,,,2nd,,"  37,480 ",,
0907330000,Tukuran,097330000,Mun,,,2nd,,"  42,429 ",,
0907333000,Lakewood,097333000,Mun,,,3rd,,"  21,559 ",,
0907337000,Josefina,097337000,Mun,,,4th,,"  12,205 ",,
0907338000,Pitogo,097338000,Mun,,,3rd,,"  27,516 ",,
0907340000,Sominot,097340000,Mun,Don Mariano Marcos,,4th,,"  19,061 ",,
0907341000,Vincenzo A. Sagun,097341000,Mun,,,4th,,"  24,852 ",,
0907343000,Guipos,097343000,Mun,,,4th,,"  21,738 ",,
0907344000,Tigbao,097344000,Mun,,,4th,,"  21,675 ",,
0908300000,Zamboanga Sibugay,098300000,Prov,,,1st,,"  669,840 ",,
0908301000,Alicia,098301000,Mun,,,2nd,,"  39,456 ",,
0908302000,Buug,098302000,Mun,,,2nd,,"  38,425 ",,
0908303000,Diplahan,098303000,Mun,,,1st,,"  32,585 ",,
0908304000,Imelda,098304000,Mun,,,3rd,,"  26,020 ",40/,
0908305000,Ipil ,098305000,Mun,,,1st,,"  89,401 ",,Capital
0908306000,Kabasalan,098306000,Mun,,,1st,,"  46,884 ",,
0908307000,Mabuhay,098307000,Mun,,,3rd,,"  37,390 ",,
0908308000,Malangas,098308000,Mun,,,1st,,"  32,022 ",,
0908309000,Naga,098309000,Mun,,,1st,,"  41,743 ",,
0908310000,Olutanga,098310000,Mun,,,2nd,,"  38,438 ",,
0908311000,Payao,098311000,Mun,,,2nd,,"  34,952 ",41/,
0908312000,Roseller Lim,098312000,Mun,,,1st,,"  43,575 ",,
0908313000,Siay,098313000,Mun,,,1st,,"  40,585 ",,
0908314000,Talusan,098314000,Mun,,,4th,,"  27,873 ",,
0908315000,Titay,098315000,Mun,,,1st,,"  53,994 ",,
0908316000,Tungawan,098316000,Mun,,,1st,,"  46,497 ",,
0990101000,City of Isabela,099701000,City,,CC,3rd,,"  130,379 ",,
0931700000,City of Zamboanga,097332000,City,,HUC,1st,,"  977,234 ",,
1000000000,Region X (Northern Mindanao),100000000,Reg,,,,,"  5,022,768 ",,
1001300000,Bukidnon,101300000,Prov,,,1st,,"  1,541,308 ",,
1001301000,Baungon,101301000,Mun,,,1st,,"  37,111 ",,
1001302000,Damulog,101302000,Mun,,,2nd,,"  39,322 ",,
1001303000,Dangcagan,101303000,Mun,,,1st,,"  26,076 ",,
1001304000,Don Carlos,101304000,Mun,,,1st,,"  69,273 ",,
1001305000,Impasug-ong,101305000,Mun,,,1st,,"  53,863 ",,
1001306000,Kadingilan,101306000,Mun,,,2nd,,"  33,735 ",,
1001307000,Kalilangan,101307000,Mun,,,1st,,"  43,711 ",,
1001308000,Kibawe,101308000,Mun,,,1st,,"  41,897 ",,
1001309000,Kitaotao,101309000,Mun,,,1st,,"  53,796 ",,
1001310000,Lantapan,101310000,Mun,,,1st,,"  65,974 ",,
1001311000,Libona,101311000,Mun,,,1st,,"  48,965 ",,
1001312000,City of Malaybalay ,101312000,City,,CC,1st,,"  190,712 ",,Capital
1001313000,Malitbog,101313000,Mun,,,1st,,"  26,741 ",,
1001314000,Manolo Fortich,101314000,Mun,,,1st,,"  113,200 ",,
1001315000,Maramag,101315000,Mun,,,1st,,"  108,293 ",,
1001316000,Pangantucan,101316000,Mun,,,1st,,"  56,580 ",,
1001317000,Quezon,101317000,Mun,,,1st,,"  109,624 ",,
1001318000,San Fernando,101318000,Mun,,,1st,,"  63,045 ",,
1001319000,Sumilao,101319000,Mun,,,2nd,,"  29,531 ",,
1001320000,Talakag,101320000,Mun,,,1st,,"  77,027 ",,
1001321000,City of Valencia,101321000,City,,CC,1st,,"  216,546 ",,
1001322000,Cabanglasan,101322000,Mun,,,2nd,,"  36,286 ",,
1001800000,Camiguin,101800000,Prov,,,3rd,,"  92,808 ",,
1001801000,Catarman,101801000,Mun,,,4th,,"  17,569 ",,
1001802000,Guinsiliban,101802000,Mun,,,5th,,"  6,685 ",,
1001803000,Mahinog,101803000,Mun,,,4th,,"  14,634 ",,
1001804000,Mambajao ,101804000,Mun,,,2nd,,"  41,094 ",,Capital
1001805000,Sagay,101805000,Mun,,,5th,,"  12,826 ",,
1003500000,Lanao del Norte,103500000,Prov,,,1st,,"  722,902 ",(excluding CITY OF ILIGAN) ,
1003501000,Bacolod,103501000,Mun,,,3rd,,"  24,367 ",,
1003502000,Baloi,103502000,Mun,,,1st,,"  68,465 ",,
1003503000,Baroy,103503000,Mun,,,4th,,"  24,683 ",,
1003505000,Kapatagan,103505000,Mun,,,1st,,"  62,571 ",,
1003506000,Sultan Naga Dimaporo,103506000,Mun,Karomatan,,1st,,"  60,904 ",,
1003507000,Kauswagan,103507000,Mun,,,1st,,"  24,193 ",,
1003508000,Kolambugan,103508000,Mun,,,3rd,,"  28,265 ",,
1003509000,Lala,103509000,Mun,,,1st,,"  73,425 ",,
1003510000,Linamon,103510000,Mun,,,4th,,"  21,269 ",,
1003511000,Magsaysay,103511000,Mun,,,3rd,,"  20,463 ",,
1003512000,Maigo,103512000,Mun,,,3rd,,"  23,337 ",,
1003513000,Matungao,103513000,Mun,,,4th,,"  14,756 ",,
1003514000,Munai,103514000,Mun,,,2nd,,"  35,020 ",,
1003515000,Nunungan,103515000,Mun,,,1st,,"  18,827 ",,
1003516000,Pantao Ragat,103516000,Mun,,,3rd,,"  30,247 ",,
1003517000,Poona Piagapo,103517000,Mun,,,2nd,,"  29,183 ",,
1003518000,Salvador,103518000,Mun,,,3rd,,"  32,115 ",,
1003519000,Sapad,103519000,Mun,,,4th,,"  22,974 ",,
1003520000,Tagoloan,103520000,Mun,,,4th,,"  15,091 ",,
1003521000,Tangcal,103521000,Mun,,,4th,,"  16,075 ",,
1003522000,Tubod ,103522000,Mun,,,1st,,"  50,073 ",,Capital
1003523000,Pantar,103523000,Mun,,,4th,,"  26,599 ",,
1004200000,Misamis Occidental,104200000,Prov,,,1st,,"  617,333 ",,
1004201000,Aloran,104201000,Mun,,,3rd,,"  27,934 ",,
1004202000,Baliangao,104202000,Mun,,,4th,,"  18,433 ",,
1004203000,Bonifacio,104203000,Mun,,,2nd,,"  34,558 ",,
1004204000,Calamba,104204000,Mun,,,3rd,,"  23,227 ",,
1004205000,Clarin,104205000,Mun,,,2nd,,"  39,356 ",,
1004206000,Concepcion,104206000,Mun,,,5th,,"  9,324 ",,
1004207000,Jimenez,104207000,Mun,,,2nd,,"  28,909 ",,
1004208000,Lopez Jaena,104208000,Mun,,,3rd,,"  25,507 ",,
1004209000,City of Oroquieta ,104209000,City,,CC,3rd,,"  72,301 ",,Capital
1004210000,City of Ozamiz,104210000,City,,CC,2nd,,"  140,334 ",,
1004211000,Panaon,104211000,Mun,,,4th,,"  10,797 ",,
1004212000,Plaridel,104212000,Mun,,,1st,,"  39,840 ",,
1004213000,Sapang Dalaga,104213000,Mun,,,4th,,"  20,490 ",,
1004214000,Sinacaban,104214000,Mun,,,4th,,"  19,671 ",,
1004215000,City of Tangub,104215000,City,,CC,3rd,,"  68,389 ",,
1004216000,Tudela,104216000,Mun,,,3rd,,"  28,599 ",,
1004217000,Don Victoriano Chiongbian,104217000,Mun,Don Mariano Marcos,,3rd,,"  9,664 ",,
1004300000,Misamis Oriental,104300000,Prov,,,1st,,"  956,900 ",(excluding CITY OF CAGAYAN DE ORO) ,
1004301000,Alubijid,104301000,Mun,,,1st,,"  32,163 ",,
1004302000,Balingasag,104302000,Mun,,,1st,,"  74,385 ",,
1004303000,Balingoan,104303000,Mun,,,4th,,"  11,020 ",,
1004304000,Binuangan,104304000,Mun,,,5th,,"  7,441 ",,
1004306000,Claveria,104306000,Mun,,,1st,,"  52,478 ",,
1004307000,City of El Salvador,104307000,City,,CC,4th,,"  58,771 ",,
1004308000,City of Gingoog,104308000,City,,CC,1st,,"  136,698 ",,
1004309000,Gitagum,104309000,Mun,,,2nd,,"  17,920 ",,
1004310000,Initao,104310000,Mun,,,1st,,"  33,902 ",,
1004311000,Jasaan,104311000,Mun,,,1st,,"  57,055 ",,
1004312000,Kinoguitan,104312000,Mun,,,4th,,"  14,091 ",,
1004313000,Lagonglong,104313000,Mun,,,4th,,"  24,190 ",,
1004314000,Laguindingan,104314000,Mun,,,2nd,,"  26,363 ",,
1004315000,Libertad,104315000,Mun,,,4th,,"  12,948 ",,
1004316000,Lugait,104316000,Mun,,,3rd*,,"  20,559 ",,
1004317000,Magsaysay,104317000,Mun,Linugos,,2nd,,"  36,803 ",,
1004318000,Manticao,104318000,Mun,,,2nd,,"  29,469 ",,
1004319000,Medina,104319000,Mun,,,2nd,,"  35,612 ",,
1004320000,Naawan,104320000,Mun,,,3rd,,"  22,444 ",,
1004321000,Opol,104321000,Mun,,,1st,,"  66,327 ",,
1004322000,Salay,104322000,Mun,,,2nd,,"  29,998 ",,
1004323000,Sugbongcogon,104323000,Mun,,,5th,,"  9,764 ",,
1004324000,Tagoloan,104324000,Mun,,,1st,,"  80,319 ",,
1004325000,Talisayan,104325000,Mun,,,3rd,,"  25,761 ",,
1004326000,Villanueva,104326000,Mun,,,1st,,"  40,419 ",,
1030500000,City of Cagayan De Oro ,104305000,City,,HUC,1st,,"  728,402 ",,Capital
1030900000,City of Iligan,103504000,City,,HUC,1st,,"  363,115 ",,
1100000000,Region XI (Davao Region),110000000,Reg,,,,,"  5,243,536 ",,
1102300000,Davao del Norte,112300000,Prov,,,1st,,"  1,125,057 ",,
1102301000,Asuncion,112301000,Mun,Saug,,1st,,"  61,893 ",,
1102303000,Carmen,112303000,Mun,,,1st,,"  82,018 ",,
1102305000,Kapalong,112305000,Mun,,,1st,,"  81,068 ",,
1102314000,New Corella,112314000,Mun,,,1st,,"  57,913 ",,
1102315000,City of Panabo,112315000,City,,CC,1st,,"  209,230 ",,
1102317000,Island Garden City of Samal,112317000,City,,CC,2nd,,"  116,771 ",,
1102318000,Santo Tomas,112318000,Mun,,,1st,,"  128,667 ",,
1102319000,City of Tagum ,112319000,City,,CC,1st,,"  296,202 ",,Capital
1102322000,Talaingod,112322000,Mun,,,1st,,"  28,333 ",,
1102323000,Braulio E. Dujali,112323000,Mun,,,3rd,,"  35,729 ",,
1102324000,San Isidro,112324000,Mun,,,3rd,,"  27,233 ",,
1102400000,Davao del Sur,112400000,Prov,,,1st,,"  680,481 ",(excluding CITY OF DAVAO) ,
1102401000,Bansalan,112401000,Mun,,,1st,,"  62,737 ",,
1102403000,City of Digos ,112403000,City,,CC,1st,,"  188,376 ",,Capital
1102404000,Hagonoy,112404000,Mun,,,1st,,"  56,919 ",,
1102406000,Kiblawan,112406000,Mun,,,1st,,"  49,381 ",,
1102407000,Magsaysay,112407000,Mun,,,1st,,"  56,263 ",,
1102408000,Malalag,112408000,Mun,,,1st,,"  40,158 ",,
1102410000,Matanao,112410000,Mun,,,1st,,"  60,493 ",,
1102411000,Padada,112411000,Mun,,,2nd,,"  29,878 ",,
1102412000,Santa Cruz,112412000,Mun,,,1st,,"  101,125 ",,
1102414000,Sulop,112414000,Mun,,,2nd,,"  35,151 ",,
1102500000,Davao Oriental,112500000,Prov,,,1st,,"  576,343 ",,
1102501000,Baganga,112501000,Mun,,,1st,,"  58,714 ",,
1102502000,Banaybanay,112502000,Mun,,,1st,,"  44,451 ",,
1102503000,Boston,112503000,Mun,,,2nd,,"  14,618 ",,
1102504000,Caraga,112504000,Mun,,,1st,,"  39,704 ",,
1102505000,Cateel,112505000,Mun,,,1st,,"  44,207 ",,
1102506000,Governor Generoso,112506000,Mun,,,1st,,"  59,891 ",,
1102507000,Lupon,112507000,Mun,,,1st,,"  66,979 ",,
1102508000,Manay,112508000,Mun,,,1st,,"  39,572 ",,
1102509000,City of Mati ,112509000,City,,CC,1st,,"  147,547 ",,Capital
1102510000,San Isidro,112510000,Mun,,,2nd,,"  33,664 ",,
1102511000,Tarragona,112511000,Mun,,,2nd,,"  26,996 ",,
1108200000,Davao de Oro,118200000,Prov,Compostela Valley,,1st,,"  767,547 ",,
1108201000,Compostela,118201000,Mun,,,1st,,"  89,884 ",,
1108202000,Laak,118202000,Mun,San Vicente,,1st,,"  79,744 ",,
1108203000,Mabini,118203000,Mun,Doña Alicia,,1st,,"  43,552 ",,
1108204000,Maco,118204000,Mun,,,1st,,"  83,237 ",,
1108205000,Maragusan,118205000,Mun,San Mariano,,1st,,"  64,412 ",,
1108206000,Mawab,118206000,Mun,,,1st,,"  39,631 ",,
1108207000,Monkayo,118207000,Mun,,,1st,,"  93,937 ",,
1108208000,Montevista,118208000,Mun,,,1st,,"  46,558 ",,
1108209000,Nabunturan ,118209000,Mun,,,1st,,"  84,340 ",,Capital
1108210000,New Bataan,118210000,Mun,,,1st,,"  51,466 ",,
1108211000,Pantukan,118211000,Mun,,,1st,,"  90,786 ",,
1108600000,Davao Occidental,118600000,Prov,,,2nd,,"  317,159 ",,
1108601000,Don Marcelino,118601000,Mun,,,1st,,"  45,540 ",,
1108602000,Jose Abad Santos,118602000,Mun,Trinidad,,1st,,"  73,381 ",,
1108603000,Malita ,118603000,Mun,,,1st,,"  118,197 ",,Capital
1108604000,Santa Maria,118604000,Mun,,,1st,,"  57,526 ",,
1108605000,Sarangani,118605000,Mun,,,4th,,"  22,515 ",,
1130700000,City of Davao,112402000,City,,HUC,1st,,"  1,776,949 ",,
1200000000,Region XII (SOCCSKSARGEN),120000000,Reg,,,,,"  4,360,974 ",1/,
1204700000,Cotabato,124700000,Prov,North Cotabato,,1st,,"  1,275,185 ",2/,
1204701000,Alamada,124701000,Mun,,,1st,,"  68,659 ",,
1204702000,Carmen,124702000,Mun,,,1st,,"  79,140 ",3/,
1204703000,Kabacan,124703000,Mun,,,1st,,"  77,164 ",4/,
1204704000,City of Kidapawan ,124704000,City,,CC,1st,,"  160,791 ",,Capital
1204705000,Libungan,124705000,Mun,,,1st,,"  56,269 ",,
1204706000,Magpet,124706000,Mun,,,1st,,"  53,800 ",,
1204707000,Makilala,124707000,Mun,,,1st,,"  87,927 ",,
1204708000,Matalam,124708000,Mun,,,1st,,"  81,355 ",,
1204709000,Midsayap,124709000,Mun,,,1st,,"  117,365 ",5/,
1204710000,M'Lang,124710000,Mun,,,1st,,"  98,195 ",,
1204711000,Pigkawayan,124711000,Mun,,,1st,,"  52,744 ",6/,
1204712000,Pikit,124712000,Mun,,,1st,,"  67,024 ",7/,
1204713000,President Roxas,124713000,Mun,,,1st,,"  52,512 ",,
1204714000,Tulunan,124714000,Mun,,,1st,,"  60,978 ",,
1204715000,Antipas,124715000,Mun,,,1st,,"  26,817 ",,
1204716000,Banisilan,124716000,Mun,,,1st,,"  46,995 ",,
1204717000,Aleosan,124717000,Mun,,,1st,,"  36,892 ",8/,
1204718000,Arakan,124718000,Mun,,,1st,,"  50,558 ",,
1206300000,South Cotabato,126300000,Prov,,,1st,,"  975,476 ",(excluding CITY OF GENERAL SANTOS) ,
1206302000,Banga,126302000,Mun,,,1st,,"  89,164 ",,
1206306000,City of Koronadal ,126306000,City,,CC,1st,,"  195,398 ",,Capital
1206311000,Norala,126311000,Mun,,,2nd,,"  46,682 ",,
1206312000,Polomolok,126312000,Mun,,,1st,,"  172,605 ",,
1206313000,Surallah,126313000,Mun,,,1st,,"  89,340 ",,
1206314000,Tampakan,126314000,Mun,,,1st,,"  41,018 ",,
1206315000,Tantangan,126315000,Mun,,,2nd,,"  45,744 ",,
1206316000,T'Boli,126316000,Mun,,,1st,,"  101,049 ",,
1206317000,Tupi,126317000,Mun,,,1st,,"  73,459 ",,
1206318000,Santo Niño,126318000,Mun,,,2nd,,"  39,796 ",,
1206319000,Lake Sebu,126319000,Mun,,,1st,,"  81,221 ",,
1206500000,Sultan Kudarat,126500000,Prov,,,1st,,"  854,052 ",,
1206501000,Bagumbayan,126501000,Mun,,,1st,,"  68,947 ",,
1206502000,Columbio,126502000,Mun,,,1st,,"  33,527 ",,
1206503000,Esperanza,126503000,Mun,,,1st,,"  74,696 ",,
1206504000,Isulan ,126504000,Mun,,,1st,,"  97,490 ",,Capital
1206505000,Kalamansig,126505000,Mun,,,1st,,"  50,900 ",,
1206506000,Lebak,126506000,Mun,,,1st,,"  91,344 ",,
1206507000,Lutayan,126507000,Mun,,,1st,,"  65,644 ",,
1206508000,Lambayong,126508000,Mun,Mariano Marcos,,1st,,"  79,739 ",,
1206509000,Palimbang,126509000,Mun,,,1st,,"  92,828 ",,
1206510000,President Quirino,126510000,Mun,,,2nd,,"  42,244 ",,
1206511000,City of Tacurong,126511000,City,,CC,3rd,,"  109,319 ",,
1206512000,Sen. Ninoy Aquino,126512000,Mun,,,1st,,"  47,374 ",,
1208000000,Sarangani,128000000,Prov,,,1st,,"  558,946 ",,
1208001000,Alabel ,128001000,Mun,,,1st,,"  88,294 ",,Capital
1208002000,Glan,128002000,Mun,,,1st,,"  109,547 ",,
1208003000,Kiamba,128003000,Mun,,,1st,,"  65,774 ",,
1208004000,Maasim,128004000,Mun,,,1st,,"  64,940 ",,
1208005000,Maitum,128005000,Mun,,,1st,,"  44,185 ",,
1208006000,Malapatan,128006000,Mun,,,1st,,"  80,741 ",,
1208007000,Malungon,128007000,Mun,,,1st,,"  105,465 ",,
1230800000,City of General Santos,126303000,City,Dadiangas,HUC,1st,,"  697,315 ",,
1600000000,Region XIII (Caraga),160000000,Reg,,,,,"  2,804,788 ",,
1600200000,Agusan del Norte,160200000,Prov,,,1st,,"  387,503 ",(excluding CITY OF BUTUAN) ,
1600201000,Buenavista,160201000,Mun,,,1st,,"  68,892 ",,
1600203000,City of Cabadbaran,160203000,City,,CC,3rd,,"  80,354 ",,
1600204000,Carmen,160204000,Mun,,,3rd,,"  23,172 ",,
1600205000,Jabonga,160205000,Mun,,,2nd,,"  24,855 ",,
1600206000,Kitcharao,160206000,Mun,,,3rd,,"  21,278 ",,
1600207000,Las Nieves,160207000,Mun,,,1st,,"  30,240 ",,
1600208000,Magallanes,160208000,Mun,,,4th,,"  22,293 ",,
1600209000,Nasipit,160209000,Mun,,,1st,,"  44,822 ",,
1600210000,Santiago,160210000,Mun,,,1st,,"  28,657 ",,
1600211000,Tubay,160211000,Mun,,,1st,,"  25,785 ",,
1600212000,Remedios T. Romualdez,160212000,Mun,,,4th,,"  17,155 ",,
1600300000,Agusan del Sur,160300000,Prov,,,1st,,"  739,367 ",,
1600301000,City of Bayugan,160301000,City,,CC,1st,,"  109,499 ",,
1600302000,Bunawan,160302000,Mun,,,1st,,"  47,512 ",,
1600303000,Esperanza,160303000,Mun,,,1st,,"  59,353 ",,
1600304000,La Paz,160304000,Mun,,,1st,,"  30,969 ",,
1600305000,Loreto,160305000,Mun,,,1st,,"  43,880 ",,
1600306000,Prosperidad ,160306000,Mun,,,1st,,"  88,321 ",,Capital
1600307000,Rosario,160307000,Mun,,,1st,,"  49,610 ",,
1600308000,San Francisco,160308000,Mun,,,1st,,"  80,760 ",,
1600309000,San Luis,160309000,Mun,,,1st,,"  35,196 ",,
1600310000,Santa Josefa,160310000,Mun,,,1st,,"  26,432 ",,
1600311000,Talacogon,160311000,Mun,,,1st,,"  39,678 ",,
1600312000,Trento,160312000,Mun,,,1st,,"  54,492 ",,
1600313000,Veruela,160313000,Mun,,,1st,,"  39,708 ",,
1600314000,Sibagat,160314000,Mun,,,1st,,"  33,957 ",,
1606700000,Surigao del Norte,166700000,Prov,,,1st,,"  534,636 ",,
1606701000,Alegria,166701000,Mun,,,4th,,"  16,184 ",,
1606702000,Bacuag,166702000,Mun,,,4th,,"  14,881 ",,
1606704000,Burgos,166704000,Mun,,,5th,,"  4,185 ",,
1606706000,Claver,166706000,Mun,,,1st,,"  36,033 ",,
1606707000,Dapa,166707000,Mun,,,2nd,,"  29,006 ",,
1606708000,Del Carmen,166708000,Mun,,,3rd,,"  20,127 ",,
1606710000,General Luna,166710000,Mun,,,3rd,,"  22,853 ",,
1606711000,Gigaquit,166711000,Mun,,,3rd,,"  21,849 ",,
1606714000,Mainit,166714000,Mun,,,3rd,,"  28,019 ",,
1606715000,Malimono,166715000,Mun,,,4th,,"  18,852 ",,
1606716000,Pilar,166716000,Mun,,,4th,,"  10,374 ",,
1606717000,Placer,166717000,Mun,,,3rd,,"  29,616 ",,
1606718000,San Benito,166718000,Mun,,,5th,,"  5,663 ",,
1606719000,San Francisco,166719000,Mun,Anao-aon,,4th,,"  15,347 ",,
1606720000,San Isidro,166720000,Mun,,,5th,,"  8,519 ",,
1606721000,Santa Monica,166721000,Mun,Sapao,,5th,,"  9,423 ",,
1606722000,Sison,166722000,Mun,,,4th,,"  14,290 ",,
1606723000,Socorro,166723000,Mun,,,3rd,,"  25,942 ",,
1606724000,City of Surigao ,166724000,City,,CC,2nd,,"  171,107 ",,Capital
1606725000,Tagana-An,166725000,Mun,,,3rd,,"  17,323 ",,
1606727000,Tubod,166727000,Mun,,,4th,,"  15,043 ",,
1606800000,Surigao del Sur,166800000,Prov,,,1st,,"  642,255 ",,
1606801000,Barobo,166801000,Mun,,,1st,,"  53,146 ",,
1606802000,Bayabas,166802000,Mun,,,4th,,"  8,979 ",,
1606803000,City of Bislig,166803000,City,,CC,2nd,,"  99,290 ",,
1606804000,Cagwait,166804000,Mun,,,2nd,,"  21,747 ",,
1606805000,Cantilan,166805000,Mun,,,1st,,"  34,060 ",,
1606806000,Carmen,166806000,Mun,,,4th,,"  11,720 ",,
1606807000,Carrascal,166807000,Mun,,,1st,,"  24,586 ",,
1606808000,Cortes,166808000,Mun,,,4th,,"  17,924 ",,
1606809000,Hinatuan,166809000,Mun,,,1st,,"  43,841 ",,
1606810000,Lanuza,166810000,Mun,,,3rd,,"  13,642 ",,
1606811000,Lianga,166811000,Mun,,,2nd,,"  33,869 ",,
1606812000,Lingig,166812000,Mun,,,1st,,"  35,142 ",,
1606813000,Madrid,166813000,Mun,,,3rd,,"  16,653 ",,
1606814000,Marihatag,166814000,Mun,,,2nd,,"  19,441 ",,
1606815000,San Agustin,166815000,Mun,,,2nd,,"  22,855 ",,
1606816000,San Miguel,166816000,Mun,,,1st,,"  41,809 ",,
1606817000,Tagbina,166817000,Mun,,,1st,,"  41,051 ",,
1606818000,Tago,166818000,Mun,,,1st,,"  39,831 ",,
1606819000,City of Tandag ,166819000,City,,CC,3rd,,"  62,669 ",,Capital
1608500000,Dinagat Islands,168500000,Prov,,,2nd,,"  128,117 ",,
1608501000,Basilisa,168501000,Mun,Rizal,,3rd,,"  36,911 ",,
1608502000,Cagdianao,168502000,Mun,,,1st,,"  18,350 ",,
1608503000,Dinagat,168503000,Mun,,,4th,,"  10,621 ",,
1608504000,Libjo,168504000,Mun,Albor,,3rd,,"  18,051 ",,
1608505000,Loreto,168505000,Mun,,,2nd,,"  9,690 ",,
1608506000,San Jose ,168506000,Mun,,,4th,,"  26,375 ",,Capital
1608507000,Tubajon,168507000,Mun,,,4th,,"  8,119 ",,
1630400000,City of Butuan ,160202000,City,,HUC,1st,,"  372,910 ",,Capital
1900000000,Bangsamoro Autonomous Region In Muslim Mindanao (BARMM),150000000,Reg,,,,,"  3,944,692 ",9/ 60/,
1900700000,Basilan,150700000,Prov,,,1st,,"  426,207 ",(excluding CITY OF ISABELA) ,
1900702000,City of Lamitan ,150702000,City,,CC,3rd,,"  100,150 ",,Capital
1900703000,Lantawan,150703000,Mun,,,2nd,,"  31,040 ",,
1900704000,Maluso,150704000,Mun,,,2nd,,"  45,730 ",,
1900705000,Sumisip,150705000,Mun,,,1st,,"  47,345 ",,
1900706000,Tipo-Tipo,150706000,Mun,,,4th*,,"  25,531 ",,
1900707000,Tuburan,150707000,Mun,,,2nd,,"  24,742 ",,
1900708000,Akbar,150708000,Mun,,,4th,,"  23,098 ",,
1900709000,Al-Barka,150709000,Mun,,,4th,,"  23,736 ",,
1900710000,Hadji Mohammad Ajul,150710000,Mun,,,4th,,"  24,625 ",,
1900711000,Ungkaya Pukan,150711000,Mun,,,4th,,"  24,016 ",,
1900712000,Hadji Muhtamad,150712000,Mun,,,5th,,"  26,867 ",,
1900713000,Tabuan-Lasa,150713000,Mun,,,4th,,"  29,327 ",,
1903600000,Lanao del Sur,153600000,Prov,,,1st,,"  1,195,518 ",,
1903601000,Bacolod-Kalawi,153601000,Mun,Bacolod Grande,,1st,,"  23,129 ",,
1903602000,Balabagan,153602000,Mun,,,2nd,,"  29,863 ",,
1903603000,Balindong,153603000,Mun,Watu,,2nd,,"  32,573 ",,
1903604000,Bayang,153604000,Mun,,,3rd,,"  28,023 ",,
1903605000,Binidayan,153605000,Mun,,,3rd,,"  25,965 ",,
1903606000,Bubong,153606000,Mun,,,1st,,"  26,514 ",,
1903607000,Butig,153607000,Mun,,,2nd,,"  22,768 ",,
1903609000,Ganassi,153609000,Mun,,,2nd,,"  30,802 ",,
1903610000,Kapai,153610000,Mun,,,2nd,,"  20,581 ",,
1903611000,Lumba-Bayabao,153611000,Mun,Maguing,,1st,,"  45,909 ",,
1903612000,Lumbatan,153612000,Mun,,,4th,,"  22,780 ",,
1903613000,Madalum,153613000,Mun,,,1st,,"  26,478 ",,
1903614000,Madamba,153614000,Mun,,,3rd,,"  22,050 ",,
1903615000,Malabang,153615000,Mun,,,1st,,"  49,088 ",,
1903616000,Marantao,153616000,Mun,,,1st,,"  37,763 ",,
1903617000,City of Marawi ,153617000,City,,CC,3rd,,"  207,010 ",,Capital
1903618000,Masiu,153618000,Mun,,,3rd,,"  33,580 ",,
1903619000,Mulondo,153619000,Mun,,,2nd,,"  19,932 ",,
1903620000,Pagayawan,153620000,Mun,Tatarikan,,3rd,,"  15,057 ",,
1903621000,Piagapo,153621000,Mun,,,2nd,,"  30,132 ",,
1903622000,Poona Bayabao,153622000,Mun,Gata,,2nd,,"  31,141 ",,
1903623000,Pualas,153623000,Mun,,,3rd,,"  14,526 ",,
1903624000,Ditsaan-Ramain,153624000,Mun,,,2nd,,"  24,406 ",,
1903625000,Saguiaran,153625000,Mun,,,3rd,,"  26,712 ",,
1903626000,Tamparan,153626000,Mun,,,3rd,,"  32,074 ",,
1903627000,Taraka,153627000,Mun,,,2nd,,"  27,184 ",,
1903628000,Tubaran,153628000,Mun,,,2nd,,"  16,896 ",,
1903629000,Tugaya,153629000,Mun,,,3rd,,"  24,778 ",,
1903630000,Wao,153630000,Mun,,,1st,,"  50,366 ",,
1903631000,Marogong,153631000,Mun,,,2nd,,"  30,118 ",,
1903632000,Calanogas,153632000,Mun,,,4th,,"  14,985 ",,
1903633000,Buadiposo-Buntong,153633000,Mun,,,3rd,,"  18,046 ",,
1903634000,Maguing,153634000,Mun,,,1st,,"  30,436 ",,
1903635000,Picong,153635000,Mun,Sultan Gumander,,3rd,,"  18,907 ",,
1903636000,Lumbayanague,153636000,Mun,,,3rd,,"  19,091 ",,
1903637000,Amai Manabilang,153637000,Mun,Bumbaran,,1st,,"  12,124 ",,
1903638000,Tagoloan Ii,153638000,Mun,,,3rd,,"  12,602 ",,
1903639000,Kapatagan,153639000,Mun,,,2nd,,"  20,498 ",,
1903640000,Sultan Dumalondong,153640000,Mun,,,5th,,"  12,500 ",,
1903641000,Lumbaca-Unayan,153641000,Mun,,,5th,,"  8,131 ",,
1907000000,Tawi-Tawi,157000000,Prov,,,1st,,"  440,276 ",,
1907001000,Panglima Sugala,157001000,Mun,Balimbing,,1st,,"  48,055 ",,
1907002000,Bongao ,157002000,Mun,,,1st,,"  116,118 ",,Capital
1907003000,Mapun,157003000,Mun,Cagayan de Tawi-Tawi,,3rd,,"  30,038 ",,
1907004000,Simunul,157004000,Mun,,,2nd,,"  34,245 ",,
1907005000,Sitangkai,157005000,Mun,,,1st,,"  37,319 ",,
1907006000,South Ubian,157006000,Mun,,,2nd,,"  29,583 ",,
1907007000,Tandubas,157007000,Mun,,,1st,,"  34,316 ",,
1907008000,Turtle Islands,157008000,Mun,,,5th,,"  5,683 ",,
1907009000,Languyan,157009000,Mun,,,1st,,"  37,096 ",,
1907010000,Sapa-Sapa,157010000,Mun,,,2nd,,"  33,580 ",,
1907011000,Sibutu,157011000,Mun,,,3rd,,"  34,243 ",,
1908700000,Maguindanao del Norte,,Prov,,,4th,,"  943,500 ",61/,
1908701000,Barira,153818000,Mun,,,2nd,,"  36,143 ",,
1908702000,Buldon,153802000,Mun,,,1st,,"  39,684 ",,
1908703000,City of Cotabato,129804000,City,,ICC,1st,,"  325,079 ",,
1908704000,Datu Blah T. Sinsuat,153830000,Mun,,,3rd,,"  28,243 ",,
1908705000,Datu Odin Sinsuat,153807000,Mun,Dinaig,,1st,,"  116,768 ",,Capital
1908706000,Kabuntalan,153814000,Mun,Tumbao,,4th,,"  25,439 ",,
1908707000,Matanog,153809000,Mun,,,3rd,,"  36,034 ",,
1908708000,Northern Kabuntalan,153834000,Mun,,,4th,,"  26,277 ",,
1908709000,Parang,153811000,Mun,,,1st,,"  102,914 ",,
1908710000,Sultan Kudarat,153812000,Mun,Nuling,,1st,,"  105,121 ",,
1908711000,Sultan Mastura,153824000,Mun,,,3rd,,"  25,331 ",,
1908712000,Talitay,153821000,Mun,,,4th,,"  17,463 ",,
1908713000,Upi,153815000,Mun,,,1st,,"  59,004 ",,
1908800000,Maguindanao del Sur,,Prov,,,1st,,"  723,758 ",,
1908801000,Ampatuan,153801000,Mun,,,2nd,,"  28,941 ",,
1908802000,Buluan,153803000,Mun,,,1st,,"  57,406 ",,Capital
1908803000,Datu Abdullah Sangki,153828000,Mun,,,2nd,,"  30,117 ",,
1908804000,Datu Anggal Midtimbang,153831000,Mun,,,4th,,"  28,224 ",,
1908805000,Datu Hoffer Ampatuan,153835000,Mun,,,4th,,"  26,660 ",,
1908806000,Datu Paglas,153805000,Mun,,,3rd,,"  33,682 ",,
1908807000,Datu Piang,153806000,Mun,,,2nd,,"  28,380 ",,
1908808000,Datu Salibo,153836000,Mun,,,4th,,"  18,795 ",,
1908809000,Datu Saudi Ampatuan,153826000,Mun,,,4th,,"  31,060 ",,
1908810000,Datu Unsay,153827000,Mun,,,4th,,"  12,890 ",,
1908811000,Gen. S.K. Pendatun,153819000,Mun,,,2nd,,"  31,263 ",,
1908812000,Guindulungan,153825000,Mun,,,4th,,"  24,933 ",,
1908813000,Mamasapano,153820000,Mun,,,4th,,"  27,807 ",,
1908814000,Mangudadatu,153832000,Mun,,,3rd,,"  26,203 ",,
1908815000,Pagagawan,153822000,Mun,,,2nd,,"  37,314 ",,
1908816000,Pagalungan,153810000,Mun,,,1st,,"  46,277 ",,
1908817000,Paglat,153823000,Mun,,,4th,,"  18,727 ",,
1908818000,Pandag,153833000,Mun,,,4th,,"  26,356 ",,
1908819000,Rajah Buayan,153829000,Mun,,,4th,,"  27,832 ",,
1908820000,Shariff Aguak,153808000,Mun,Maganoy,,2nd,,"  33,982 ",,
1908821000,Shariff Saydona Mustapha,153837000,Mun,,,4th,,"  25,080 ",,
1908822000,South Upi,153817000,Mun,,,2nd,,"  43,197 ",,
1908823000,Sultan Sa Barongis,153813000,Mun,Lambayong,,3rd*,,"  24,476 ",,
1908824000,Talayan,153816000,Mun,,,3rd,,"  34,156 ",,
1999901000,Kapalawan,,Mun,,,-,,"  28,463 ",46/,
1999902000,Old Kaabakan,,Mun,,,-,,"  16,658 ",47/,
1999903000,Kadayangan,,Mun,,,-,,"  25,573 ",48/,
1999904000,Nabalawag,,Mun,,,-,,"  25,723 ",49/,
1999905000,Pahamuddin,,Mun,,,-,,"  19,627 ",50/,
1999906000,Malidegao,,Mun,,,-,,"  36,438 ",51/,
1999907000,Ligawasan,,Mun,,,-,,"  29,784 ",52/,
1999908000,Tugunan,,Mun,,,-,,"  33,167 ",53/,